Load_Port,Item_Class,ETD_Yr,ETD_Day,ETD_Mth,ETA_Yr,ETD_Day_1,ETD_Mth_1,Sum_Shipped_Msr,Load_port_1,HK_Prev_diff_ETD,HK_Prev_diff_ETA,HK_Next_diff_ETD,HK_Next_diff_ETA,UK_Prev_diff_ETD,UK_Prev_diff_ETA,UK_Next_diff_ETD,UK_Next_diff_ETA,prev_Shipped_Msr,prev_ETD_Dte_diff,Transport_Days
BANGLADESH - CHITTAGONG,B-Jeans,2016,6,6,2016,6,6,27.96,BANGLADESH - CHITTAGONG,-23,-40,3,8,-7,-24,84,67,14.82,12,17
BANGLADESH - CHITTAGONG,B-Jeans,2016,6,9,2016,6,9,15.72,BANGLADESH - CHITTAGONG,0,-28,22,71,-10,-38,81,53,27.96,3,28
BANGLADESH - CHITTAGONG,B-Jeans,2016,7,5,2016,7,5,40.5,BANGLADESH - CHITTAGONG,-4,-25,73,52,-36,-57,55,34,15.72,26,21
BANGLADESH - CHITTAGONG,B-Jeans,2016,9,18,2016,9,18,19.52,BANGLADESH - CHITTAGONG,-2,-32,13,68,-20,-50,98,68,40.5,75,30
BANGLADESH - CHITTAGONG,C-Trousers,2017,1,2,2017,1,2,17.52,BANGLADESH - CHITTAGONG,0,-23,26,3,0,-23,102,79,20.91,14,23
BANGLADESH - CHITTAGONG,C-Trousers,2017,1,20,2017,1,20,13.61,BANGLADESH - CHITTAGONG,-18,-45,8,47,-18,-45,84,57,17.52,18,27
BANGLADESH - CHITTAGONG,C-Trousers,2017,1,26,2017,1,26,27.79,BANGLADESH - CHITTAGONG,-24,-62,2,30,-24,-62,78,40,13.61,6,38
BANGLADESH - CHITTAGONG,C-Trousers,2017,1,28,2017,1,28,12.15,BANGLADESH - CHITTAGONG,0,-33,1,33,-26,-59,76,43,27.79,2,33
BANGLADESH - CHITTAGONG,C-Trousers,2017,2,6,2017,2,6,1413.01,BANGLADESH - CHITTAGONG,-6,-32,57,31,-35,-61,67,41,12.15,9,26
BANGLADESH - CHITTAGONG,C-Trousers,2017,2,11,2017,2,11,22.28,BANGLADESH - CHITTAGONG,-11,-38,52,25,-40,-67,62,35,1413.01,5,27
BANGLADESH - CHITTAGONG,C-Trousers,2017,2,26,2017,2,26,11.01,BANGLADESH - CHITTAGONG,-26,-56,37,7,-55,-85,47,17,22.28,15,30
BANGLADESH - CHITTAGONG,C-Trousers,2017,3,3,2017,3,3,17,BANGLADESH - CHITTAGONG,-31,-63,32,10,-60,-92,42,10,11.01,5,32
BANGLADESH - CHITTAGONG,C-Trousers,2017,3,14,2017,3,14,6.65,BANGLADESH - CHITTAGONG,-42,-66,21,7,-71,-95,31,7,17,11,24
BANGLADESH - CHITTAGONG,C-Trousers,2016,3,26,2016,3,26,8.01,BANGLADESH - CHITTAGONG,0,-26,2,10,-1,-24,1,11,8.55,13,26
BANGLADESH - CHITTAGONG,C-Trousers,2016,3,28,2016,3,28,35.91,BANGLADESH - CHITTAGONG,0,-24,7,10,0,-24,35,11,8.01,2,24
BANGLADESH - CHITTAGONG,C-Trousers,2016,4,6,2016,4,6,11.22,BANGLADESH - CHITTAGONG,-2,-29,25,11,-9,-1,26,27,35.91,9,27
BANGLADESH - CHITTAGONG,C-Trousers,2016,4,8,2016,4,8,69.19,BANGLADESH - CHITTAGONG,-4,-37,23,3,-11,-9,24,19,11.22,2,33
BANGLADESH - CHITTAGONG,C-Trousers,2016,4,27,2016,4,27,56.79,BANGLADESH - CHITTAGONG,-23,-52,4,14,-30,-24,5,4,69.19,19,29
BANGLADESH - CHITTAGONG,C-Trousers,2016,4,29,2016,4,29,7.63,BANGLADESH - CHITTAGONG,-25,-52,2,14,-32,-24,3,4,56.79,2,27
BANGLADESH - CHITTAGONG,C-Trousers,2016,5,25,2016,5,25,21.36,BANGLADESH - CHITTAGONG,-11,-31,15,17,-23,-15,5,76,7.63,26,20
BANGLADESH - CHITTAGONG,C-Trousers,2016,6,9,2016,6,9,22.81,BANGLADESH - CHITTAGONG,0,-28,22,71,-10,-38,81,53,21.36,15,28
BANGLADESH - CHITTAGONG,C-Trousers,2016,7,5,2016,7,5,86.22,BANGLADESH - CHITTAGONG,-4,-25,73,52,-36,-57,55,34,22.81,26,21
BANGLADESH - CHITTAGONG,C-Trousers,2016,7,30,2016,7,30,34.84,BANGLADESH - CHITTAGONG,-29,-61,48,16,-61,-2,30,116,86.22,25,32
BANGLADESH - CHITTAGONG,C-Trousers,2016,8,13,2016,8,13,16.46,BANGLADESH - CHITTAGONG,-43,-73,34,4,-75,-14,16,104,34.84,14,30
BANGLADESH - CHITTAGONG,C-Trousers,2016,8,24,2016,8,24,17.47,BANGLADESH - CHITTAGONG,-54,-80,23,12,-86,-21,5,97,16.46,11,26
BANGLADESH - CHITTAGONG,C-Trousers,2016,9,9,2016,9,9,44.33,BANGLADESH - CHITTAGONG,-70,-101,7,76,-11,-42,107,76,17.47,16,31
BANGLADESH - CHITTAGONG,C-Trousers,2016,12,19,2017,12,19,20.91,BANGLADESH - CHITTAGONG,-70,-94,6,16,-112,-10,6,92,44.33,101,24
BANGLADESH - CHITTAGONG,D-Jackets,2017,1,3,2017,1,3,16.48,BANGLADESH - CHITTAGONG,-1,-28,25,1,-1,-28,101,74,10.62,7,27
BANGLADESH - CHITTAGONG,D-Jackets,2017,1,17,2017,1,17,32.73,BANGLADESH - CHITTAGONG,-15,-38,11,54,-15,-38,87,64,16.48,14,23
BANGLADESH - CHITTAGONG,D-Jackets,2017,1,26,2017,1,26,4.75,BANGLADESH - CHITTAGONG,-24,-62,2,30,-24,-62,78,40,32.73,9,38
BANGLADESH - CHITTAGONG,D-Jackets,2017,2,6,2017,2,6,9,BANGLADESH - CHITTAGONG,-6,-32,57,31,-35,-61,67,41,4.75,11,26
BANGLADESH - CHITTAGONG,D-Jackets,2017,2,11,2017,2,11,9.29,BANGLADESH - CHITTAGONG,-11,-38,52,25,-40,-67,62,35,9,5,27
BANGLADESH - CHITTAGONG,F-Sweatshirts,2017,1,5,2017,1,5,22.2,BANGLADESH - CHITTAGONG,-3,-28,23,1,-3,-28,99,74,16.2,9,25
BANGLADESH - CHITTAGONG,F-Sweatshirts,2017,2,11,2017,2,11,8.4,BANGLADESH - CHITTAGONG,-11,-38,52,25,-40,-67,62,35,22.2,37,27
BANGLADESH - CHITTAGONG,F-Sweatshirts,2016,6,23,2016,6,23,10.2,BANGLADESH - CHITTAGONG,-14,-40,8,59,-24,-50,67,41,20.77,64,26
BANGLADESH - CHITTAGONG,F-Sweatshirts,2016,7,5,2016,7,5,55.68,BANGLADESH - CHITTAGONG,-4,-25,73,52,-36,-57,55,34,10.2,12,21
BANGLADESH - CHITTAGONG,F-Sweatshirts,2016,8,19,2016,8,19,9.38,BANGLADESH - CHITTAGONG,-49,-80,28,12,-81,-21,10,97,55.68,45,31
BANGLADESH - CHITTAGONG,F-Sweatshirts,2016,8,24,2016,8,24,18.76,BANGLADESH - CHITTAGONG,-54,-80,23,12,-86,-21,5,97,9.38,5,26
BANGLADESH - CHITTAGONG,F-Sweatshirts,2016,12,27,2017,12,27,16.2,BANGLADESH - CHITTAGONG,0,-27,5,5,0,-21,5,81,18.76,125,27
BANGLADESH - CHITTAGONG,I-Knitwear,2017,1,9,2017,1,9,39.25,BANGLADESH - CHITTAGONG,-7,-33,19,59,-7,-33,95,69,23.17,10,26
BANGLADESH - CHITTAGONG,I-Knitwear,2017,1,17,2017,1,17,28.14,BANGLADESH - CHITTAGONG,-15,-38,11,54,-15,-38,87,64,39.25,8,23
BANGLADESH - CHITTAGONG,I-Knitwear,2017,1,20,2017,1,20,6.25,BANGLADESH - CHITTAGONG,-18,-45,8,47,-18,-45,84,57,28.14,3,27
BANGLADESH - CHITTAGONG,I-Knitwear,2017,1,26,2017,1,26,27.7,BANGLADESH - CHITTAGONG,-24,-62,2,30,-24,-62,78,40,6.25,6,38
BANGLADESH - CHITTAGONG,I-Knitwear,2017,1,29,2017,1,29,10.82,BANGLADESH - CHITTAGONG,0,-34,1,31,-27,-61,75,41,27.7,3,34
BANGLADESH - CHITTAGONG,I-Knitwear,2017,2,6,2017,2,6,27.82,BANGLADESH - CHITTAGONG,-6,-32,57,31,-35,-61,67,41,10.82,8,26
BANGLADESH - CHITTAGONG,I-Knitwear,2017,3,3,2017,3,3,87.03,BANGLADESH - CHITTAGONG,-31,-63,32,10,-60,-92,42,10,27.82,25,32
BANGLADESH - CHITTAGONG,I-Knitwear,2017,3,14,2017,3,14,13.51,BANGLADESH - CHITTAGONG,-42,-66,21,7,-71,-95,31,7,87.03,11,24
BANGLADESH - CHITTAGONG,I-Knitwear,2016,3,26,2016,3,26,57.39,BANGLADESH - CHITTAGONG,0,-26,2,10,-1,-24,1,11,56.32,13,26
BANGLADESH - CHITTAGONG,I-Knitwear,2016,3,28,2016,3,28,197.69,BANGLADESH - CHITTAGONG,0,-24,7,10,0,-24,35,11,57.39,2,24
BANGLADESH - CHITTAGONG,I-Knitwear,2016,4,6,2016,4,6,179.21,BANGLADESH - CHITTAGONG,-2,-29,25,11,-9,-1,26,27,197.69,9,27
BANGLADESH - CHITTAGONG,I-Knitwear,2016,4,8,2016,4,8,101.09,BANGLADESH - CHITTAGONG,-4,-37,23,3,-11,-9,24,19,179.21,2,33
BANGLADESH - CHITTAGONG,I-Knitwear,2016,4,27,2016,4,27,36.97,BANGLADESH - CHITTAGONG,-23,-52,4,14,-30,-24,5,4,101.09,19,29
BANGLADESH - CHITTAGONG,I-Knitwear,2016,4,27,2016,4,27,202.28,BANGLADESH - CHITTAGONG,-23,-52,4,14,-30,-24,5,4,101.09,19,32
BANGLADESH - CHITTAGONG,I-Knitwear,2016,4,29,2016,4,29,76.37,BANGLADESH - CHITTAGONG,-25,-55,2,11,-32,-27,3,1,202.28,2,30
BANGLADESH - CHITTAGONG,I-Knitwear,2016,4,29,2016,4,29,76.37,BANGLADESH - CHITTAGONG,-25,-55,2,11,-32,-27,3,1,36.97,2,30
BANGLADESH - CHITTAGONG,I-Knitwear,2016,5,6,2016,5,6,244.88,BANGLADESH - CHITTAGONG,-4,-31,8,7,-4,-3,24,88,76.37,7,27
BANGLADESH - CHITTAGONG,I-Knitwear,2016,5,11,2016,5,11,26.88,BANGLADESH - CHITTAGONG,-9,-37,3,1,-9,-9,19,82,244.88,5,28
BANGLADESH - CHITTAGONG,I-Knitwear,2016,5,14,2016,5,14,64.36,BANGLADESH - CHITTAGONG,0,-25,26,1,-12,-9,16,82,26.88,3,25
BANGLADESH - CHITTAGONG,I-Knitwear,2016,5,25,2016,5,25,27.49,BANGLADESH - CHITTAGONG,-11,-31,15,17,-23,-15,5,76,64.36,11,20
BANGLADESH - CHITTAGONG,I-Knitwear,2016,5,30,2016,5,30,270.87,BANGLADESH - CHITTAGONG,-16,-52,10,73,0,-36,91,55,27.49,5,36
BANGLADESH - CHITTAGONG,I-Knitwear,2016,6,6,2016,6,6,161.06,BANGLADESH - CHITTAGONG,-23,-40,3,8,-7,-24,84,67,270.87,7,17
BANGLADESH - CHITTAGONG,I-Knitwear,2016,6,9,2016,6,9,20.9,BANGLADESH - CHITTAGONG,0,-26,22,73,-10,-36,81,55,161.06,3,26
BANGLADESH - CHITTAGONG,I-Knitwear,2016,6,9,2016,6,9,211.48,BANGLADESH - CHITTAGONG,0,-26,22,73,-10,-36,81,55,161.06,3,28
BANGLADESH - CHITTAGONG,I-Knitwear,2016,6,16,2016,6,16,84.46,BANGLADESH - CHITTAGONG,-7,-28,15,71,-17,-38,74,53,211.48,7,21
BANGLADESH - CHITTAGONG,I-Knitwear,2016,6,16,2016,6,16,84.46,BANGLADESH - CHITTAGONG,-7,-28,15,71,-17,-38,74,53,20.9,7,21
BANGLADESH - CHITTAGONG,I-Knitwear,2016,6,18,2016,6,18,114.33,BANGLADESH - CHITTAGONG,-9,-33,13,66,-19,-43,72,48,84.46,2,24
BANGLADESH - CHITTAGONG,I-Knitwear,2016,6,20,2016,6,20,23.88,BANGLADESH - CHITTAGONG,-11,-33,11,66,-21,-43,70,48,114.33,2,22
BANGLADESH - CHITTAGONG,I-Knitwear,2016,6,23,2016,6,23,40.09,BANGLADESH - CHITTAGONG,-14,-40,8,59,-24,-50,67,41,23.88,3,26
BANGLADESH - CHITTAGONG,I-Knitwear,2016,7,5,2016,7,5,463.61,BANGLADESH - CHITTAGONG,-4,-25,73,52,-36,-57,55,34,40.09,12,21
BANGLADESH - CHITTAGONG,I-Knitwear,2016,7,17,2016,7,17,155.34,BANGLADESH - CHITTAGONG,-16,-44,61,33,-48,-76,43,15,463.61,12,28
BANGLADESH - CHITTAGONG,I-Knitwear,2016,7,21,2016,7,21,243.55,BANGLADESH - CHITTAGONG,-20,-52,57,25,-52,-84,39,7,155.34,4,32
BANGLADESH - CHITTAGONG,I-Knitwear,2016,7,30,2016,7,30,13.09,BANGLADESH - CHITTAGONG,-29,-61,48,16,-61,-2,30,116,243.55,9,32
BANGLADESH - CHITTAGONG,I-Knitwear,2016,7,30,2016,7,30,115.13,BANGLADESH - CHITTAGONG,-29,-61,48,16,-61,-2,30,116,243.55,9,30
BANGLADESH - CHITTAGONG,I-Knitwear,2016,8,3,2016,8,3,228.66,BANGLADESH - CHITTAGONG,-33,-61,44,16,-65,-2,26,116,115.13,4,28
BANGLADESH - CHITTAGONG,I-Knitwear,2016,8,3,2016,8,3,228.66,BANGLADESH - CHITTAGONG,-33,-61,44,16,-65,-2,26,116,13.09,4,28
BANGLADESH - CHITTAGONG,I-Knitwear,2016,8,8,2016,8,8,105.28,BANGLADESH - CHITTAGONG,-38,-65,39,12,-70,-6,21,112,228.66,5,27
BANGLADESH - CHITTAGONG,I-Knitwear,2016,8,13,2016,8,13,201.13,BANGLADESH - CHITTAGONG,-43,-73,34,4,-75,-14,16,104,105.28,5,30
BANGLADESH - CHITTAGONG,I-Knitwear,2016,8,19,2016,8,19,88.63,BANGLADESH - CHITTAGONG,-49,-80,28,12,-81,-21,10,97,201.13,6,31
BANGLADESH - CHITTAGONG,I-Knitwear,2016,8,24,2016,8,24,81.99,BANGLADESH - CHITTAGONG,-54,-80,23,12,-86,-21,5,97,88.63,5,26
BANGLADESH - CHITTAGONG,I-Knitwear,2016,8,29,2016,8,29,21.29,BANGLADESH - CHITTAGONG,-59,-87,18,5,0,-28,118,90,81.99,5,28
BANGLADESH - CHITTAGONG,I-Knitwear,2016,9,6,2016,9,6,193.83,BANGLADESH - CHITTAGONG,-67,-94,10,6,-8,-35,110,83,21.29,8,27
BANGLADESH - CHITTAGONG,I-Knitwear,2016,9,7,2016,9,7,59.55,BANGLADESH - CHITTAGONG,-68,-93,9,7,-9,-34,109,84,193.83,1,25
BANGLADESH - CHITTAGONG,I-Knitwear,2016,9,9,2016,9,9,84.44,BANGLADESH - CHITTAGONG,-70,-101,7,76,-11,-42,107,76,59.55,2,31
BANGLADESH - CHITTAGONG,I-Knitwear,2016,9,18,2016,9,18,134.32,BANGLADESH - CHITTAGONG,-2,-32,13,68,-20,-50,98,68,84.44,9,30
BANGLADESH - CHITTAGONG,I-Knitwear,2016,9,28,2016,9,28,46.82,BANGLADESH - CHITTAGONG,-12,-38,3,62,-30,-56,88,62,134.32,10,26
BANGLADESH - CHITTAGONG,I-Knitwear,2016,10,6,2016,10,6,5.56,BANGLADESH - CHITTAGONG,-5,-32,3,53,-38,-65,80,53,46.82,8,27
BANGLADESH - CHITTAGONG,I-Knitwear,2016,10,12,2016,10,12,12.08,BANGLADESH - CHITTAGONG,-2,-28,74,48,-44,-70,74,48,5.56,6,26
BANGLADESH - CHITTAGONG,I-Knitwear,2016,10,14,2016,10,14,20.65,BANGLADESH - CHITTAGONG,-4,-29,72,47,-46,-71,72,47,12.08,2,25
BANGLADESH - CHITTAGONG,I-Knitwear,2016,10,23,2016,10,23,20.346,BANGLADESH - CHITTAGONG,-13,-39,63,37,-55,-81,63,37,20.65,9,26
BANGLADESH - CHITTAGONG,I-Knitwear,2016,11,24,2016,11,24,7.773,BANGLADESH - CHITTAGONG,-45,-67,31,9,-87,-109,31,9,20.346,32,22
BANGLADESH - CHITTAGONG,I-Knitwear,2016,12,19,2017,12,19,89.33,BANGLADESH - CHITTAGONG,-70,-94,6,16,-112,-10,6,92,7.773,25,24
BANGLADESH - CHITTAGONG,I-Knitwear,2016,12,24,2017,12,24,5.74,BANGLADESH - CHITTAGONG,-75,-101,1,9,-117,-17,1,85,89.33,5,26
BANGLADESH - CHITTAGONG,I-Knitwear,2016,12,30,2017,12,30,23.17,BANGLADESH - CHITTAGONG,-3,-42,2,56,-3,-36,2,66,5.74,6,39
BANGLADESH - CHITTAGONG,K-Shirts,2017,1,5,2017,1,5,80.94,BANGLADESH - CHITTAGONG,-3,-28,23,1,-3,-28,99,74,11.79,7,25
BANGLADESH - CHITTAGONG,K-Shirts,2017,1,9,2017,1,9,14.17,BANGLADESH - CHITTAGONG,-7,-33,19,59,-7,-33,95,69,80.94,4,26
BANGLADESH - CHITTAGONG,K-Shirts,2017,1,9,2017,1,9,20.56,BANGLADESH - CHITTAGONG,-7,-33,19,59,-7,-33,95,69,80.94,4,28
BANGLADESH - CHITTAGONG,K-Shirts,2017,1,17,2017,1,17,33.37,BANGLADESH - CHITTAGONG,-15,-38,11,54,-15,-38,87,64,20.56,8,23
BANGLADESH - CHITTAGONG,K-Shirts,2017,1,17,2017,1,17,33.37,BANGLADESH - CHITTAGONG,-15,-38,11,54,-15,-38,87,64,14.17,8,23
BANGLADESH - CHITTAGONG,K-Shirts,2017,2,11,2017,2,11,13.5,BANGLADESH - CHITTAGONG,-11,-38,52,25,-40,-67,62,35,33.37,25,27
BANGLADESH - CHITTAGONG,K-Shirts,2017,3,3,2017,3,3,7.31,BANGLADESH - CHITTAGONG,-31,-63,32,10,-60,-92,42,10,13.5,20,32
BANGLADESH - CHITTAGONG,K-Shirts,2016,5,25,2016,5,25,17.22,BANGLADESH - CHITTAGONG,-11,-31,15,17,-23,-15,5,76,24.73,11,20
BANGLADESH - CHITTAGONG,K-Shirts,2016,5,30,2016,5,30,23.5,BANGLADESH - CHITTAGONG,-16,-52,10,73,0,-36,91,55,17.22,5,36
BANGLADESH - CHITTAGONG,K-Shirts,2016,6,9,2016,6,9,7.68,BANGLADESH - CHITTAGONG,0,-28,22,71,-10,-38,81,53,23.5,10,28
BANGLADESH - CHITTAGONG,K-Shirts,2016,6,23,2016,6,23,26.9,BANGLADESH - CHITTAGONG,-14,-40,8,59,-24,-50,67,41,7.68,14,26
BANGLADESH - CHITTAGONG,K-Shirts,2016,7,5,2016,7,5,41.04,BANGLADESH - CHITTAGONG,-4,-25,73,52,-36,-57,55,34,26.9,12,21
BANGLADESH - CHITTAGONG,K-Shirts,2016,9,9,2016,9,9,44.76,BANGLADESH - CHITTAGONG,-70,-101,7,76,-11,-42,107,76,41.04,66,31
BANGLADESH - CHITTAGONG,K-Shirts,2016,10,6,2016,10,6,9.56,BANGLADESH - CHITTAGONG,-5,-32,3,53,-38,-65,80,53,44.76,27,27
BANGLADESH - CHITTAGONG,K-Shirts,2016,12,24,2017,12,24,14.32,BANGLADESH - CHITTAGONG,-75,-101,1,9,-117,-17,1,85,9.56,79,26
BANGLADESH - CHITTAGONG,K-Shirts,2016,12,26,2017,12,26,65.64,BANGLADESH - CHITTAGONG,0,-44,1,55,0,-37,1,65,14.32,2,44
BANGLADESH - CHITTAGONG,K-Shirts,2016,12,29,2017,12,29,11.79,BANGLADESH - CHITTAGONG,-2,-23,3,9,-2,-17,3,85,65.64,3,21
BANGLADESH - CHITTAGONG,M-Tops,2017,1,2,2017,1,2,44.18,BANGLADESH - CHITTAGONG,0,-23,26,3,0,-23,102,79,44.63,6,23
BANGLADESH - CHITTAGONG,M-Tops,2017,1,9,2017,1,9,41.18,BANGLADESH - CHITTAGONG,-7,-35,19,57,-7,-35,95,67,44.18,7,28
BANGLADESH - CHITTAGONG,M-Tops,2017,1,17,2017,1,17,38.09,BANGLADESH - CHITTAGONG,-15,-38,11,54,-15,-38,87,64,41.18,8,23
BANGLADESH - CHITTAGONG,M-Tops,2017,1,20,2017,1,20,33.71,BANGLADESH - CHITTAGONG,-18,-45,8,47,-18,-45,84,57,38.09,3,27
BANGLADESH - CHITTAGONG,M-Tops,2017,1,26,2017,1,26,9.26,BANGLADESH - CHITTAGONG,-24,-62,2,30,-24,-62,78,40,33.71,6,38
BANGLADESH - CHITTAGONG,M-Tops,2017,1,28,2017,1,28,7.88,BANGLADESH - CHITTAGONG,0,-33,1,33,-26,-59,76,43,9.26,2,33
BANGLADESH - CHITTAGONG,M-Tops,2017,1,29,2017,1,29,11.2,BANGLADESH - CHITTAGONG,0,-34,1,31,-27,-61,75,41,7.88,1,34
BANGLADESH - CHITTAGONG,M-Tops,2017,2,6,2017,2,6,5106.01,BANGLADESH - CHITTAGONG,-6,-32,57,31,-35,-61,67,41,11.2,8,26
BANGLADESH - CHITTAGONG,M-Tops,2017,2,11,2017,2,11,62.88,BANGLADESH - CHITTAGONG,-11,-38,52,25,-40,-67,62,35,5106.01,5,27
BANGLADESH - CHITTAGONG,M-Tops,2017,2,18,2017,2,18,23.97,BANGLADESH - CHITTAGONG,-18,-42,45,21,-47,-71,55,31,62.88,7,24
BANGLADESH - CHITTAGONG,M-Tops,2017,2,22,2017,2,22,27.57,BANGLADESH - CHITTAGONG,-22,-42,41,21,-51,-71,51,31,23.97,4,20
BANGLADESH - CHITTAGONG,M-Tops,2016,4,6,2016,4,6,39.29,BANGLADESH - CHITTAGONG,-2,-29,25,11,-9,-1,26,27,5.08,11,27
BANGLADESH - CHITTAGONG,M-Tops,2016,4,20,2016,4,20,18.32,BANGLADESH - CHITTAGONG,-16,-46,11,20,-23,-18,12,10,39.29,14,30
BANGLADESH - CHITTAGONG,M-Tops,2016,5,25,2016,5,25,71.48,BANGLADESH - CHITTAGONG,-11,-31,15,17,-23,-15,5,76,18.32,35,20
BANGLADESH - CHITTAGONG,M-Tops,2016,6,6,2016,6,6,37.21,BANGLADESH - CHITTAGONG,-23,-40,3,8,-7,-24,84,67,71.48,12,17
BANGLADESH - CHITTAGONG,M-Tops,2016,6,9,2016,6,9,14.95,BANGLADESH - CHITTAGONG,0,-28,22,71,-10,-38,81,53,37.21,3,28
BANGLADESH - CHITTAGONG,M-Tops,2016,6,18,2016,6,18,13.17,BANGLADESH - CHITTAGONG,-9,-33,13,66,-19,-43,72,48,14.95,9,24
BANGLADESH - CHITTAGONG,M-Tops,2016,6,23,2016,6,23,35.02,BANGLADESH - CHITTAGONG,-14,-40,8,59,-24,-50,67,41,13.17,5,26
BANGLADESH - CHITTAGONG,M-Tops,2016,7,5,2016,7,5,129.98,BANGLADESH - CHITTAGONG,-4,-25,73,52,-36,-57,55,34,35.02,12,21
BANGLADESH - CHITTAGONG,M-Tops,2016,7,17,2016,7,17,19.92,BANGLADESH - CHITTAGONG,-16,-44,61,33,-48,-76,43,15,129.98,12,28
BANGLADESH - CHITTAGONG,M-Tops,2016,7,30,2016,7,30,4.5,BANGLADESH - CHITTAGONG,-29,-61,48,16,-61,-2,30,116,19.92,13,32
BANGLADESH - CHITTAGONG,M-Tops,2016,8,19,2016,8,19,12.97,BANGLADESH - CHITTAGONG,-49,-80,28,12,-81,-21,10,97,4.5,20,31
BANGLADESH - CHITTAGONG,M-Tops,2016,8,24,2016,8,24,3.53,BANGLADESH - CHITTAGONG,-54,-80,23,12,-86,-21,5,97,12.97,5,26
BANGLADESH - CHITTAGONG,M-Tops,2016,8,29,2016,8,29,3.62,BANGLADESH - CHITTAGONG,-59,-87,18,5,0,-28,118,90,3.53,5,28
BANGLADESH - CHITTAGONG,M-Tops,2016,9,18,2016,9,18,5.96,BANGLADESH - CHITTAGONG,-2,-32,13,68,-20,-50,98,68,3.62,20,30
BANGLADESH - CHITTAGONG,M-Tops,2016,10,23,2016,10,23,13.206,BANGLADESH - CHITTAGONG,-13,-39,63,37,-55,-81,63,37,5.96,35,26
BANGLADESH - CHITTAGONG,M-Tops,2016,12,19,2017,12,19,11.43,BANGLADESH - CHITTAGONG,-70,-94,6,16,-112,-10,6,92,13.206,57,24
BANGLADESH - CHITTAGONG,M-Tops,2016,12,24,2017,12,24,45.85,BANGLADESH - CHITTAGONG,-75,-101,1,9,-117,-17,1,85,11.43,5,26
BANGLADESH - CHITTAGONG,M-Tops,2016,12,27,2017,12,27,44.63,BANGLADESH - CHITTAGONG,0,-27,5,5,0,-21,5,81,45.85,3,27
BANGLADESH - CHITTAGONG,S-Shorts,2017,1,3,2017,1,3,37.78,BANGLADESH - CHITTAGONG,-1,-28,25,1,-1,-28,101,74,95.86,7,27
BANGLADESH - CHITTAGONG,S-Shorts,2017,1,26,2017,1,26,9.18,BANGLADESH - CHITTAGONG,-24,-62,2,30,-24,-62,78,40,37.78,23,38
BANGLADESH - CHITTAGONG,S-Shorts,2017,2,11,2017,2,11,11.84,BANGLADESH - CHITTAGONG,-11,-38,52,25,-40,-67,62,35,9.18,16,27
BANGLADESH - CHITTAGONG,S-Shorts,2017,2,26,2017,2,26,10.71,BANGLADESH - CHITTAGONG,-26,-56,37,7,-55,-85,47,17,11.84,15,30
BANGLADESH - CHITTAGONG,S-Shorts,2017,3,3,2017,3,3,16.15,BANGLADESH - CHITTAGONG,-31,-63,32,10,-60,-92,42,10,10.71,5,32
BANGLADESH - CHITTAGONG,S-Shorts,2017,3,14,2017,3,14,7.82,BANGLADESH - CHITTAGONG,-42,-66,21,7,-71,-95,31,7,16.15,11,24
BANGLADESH - CHITTAGONG,S-Shorts,2016,3,26,2016,3,26,18.82,BANGLADESH - CHITTAGONG,0,-26,2,10,-1,-24,1,11,29.31,13,26
BANGLADESH - CHITTAGONG,S-Shorts,2016,3,28,2016,3,28,5.86,BANGLADESH - CHITTAGONG,0,-24,7,10,0,-24,35,11,18.82,2,24
BANGLADESH - CHITTAGONG,S-Shorts,2016,4,6,2016,4,6,35.2,BANGLADESH - CHITTAGONG,-2,-29,25,11,-9,-1,26,27,5.86,9,27
BANGLADESH - CHITTAGONG,S-Shorts,2016,4,8,2016,4,8,47.82,BANGLADESH - CHITTAGONG,-4,-37,23,3,-11,-9,24,19,35.2,2,33
BANGLADESH - CHITTAGONG,S-Shorts,2016,4,20,2016,4,20,12.72,BANGLADESH - CHITTAGONG,-16,-46,11,20,-23,-18,12,10,47.82,12,30
BANGLADESH - CHITTAGONG,S-Shorts,2016,4,27,2016,4,27,29.42,BANGLADESH - CHITTAGONG,-23,-52,4,14,-30,-24,5,4,12.72,7,29
BANGLADESH - CHITTAGONG,S-Shorts,2016,5,6,2016,5,6,32.1,BANGLADESH - CHITTAGONG,-4,-31,8,7,-4,-3,24,88,29.42,9,27
BANGLADESH - CHITTAGONG,S-Shorts,2016,5,11,2016,5,11,26.34,BANGLADESH - CHITTAGONG,-9,-37,3,1,-9,-9,19,82,32.1,5,28
BANGLADESH - CHITTAGONG,S-Shorts,2016,5,25,2016,5,25,16.08,BANGLADESH - CHITTAGONG,-11,-31,15,17,-23,-15,5,76,26.34,14,20
BANGLADESH - CHITTAGONG,S-Shorts,2016,8,13,2016,8,13,7.36,BANGLADESH - CHITTAGONG,-43,-73,34,4,-75,-14,16,104,16.08,80,30
BANGLADESH - CHITTAGONG,S-Shorts,2016,12,24,2017,12,24,41.58,BANGLADESH - CHITTAGONG,-75,-101,1,9,-117,-17,1,85,7.36,133,26
BANGLADESH - CHITTAGONG,S-Shorts,2016,12,27,2017,12,27,95.86,BANGLADESH - CHITTAGONG,0,-27,5,5,0,-21,5,81,41.58,3,27
CAMBODIA - SIHANOUKVILLE,A-Accessories,2016,7,3,2016,7,3,79.3,CAMBODIA - SIHANOUKVILLE,-2,-33,75,44,-34,-65,57,26,120.83617,56,31
CAMBODIA - SIHANOUKVILLE,B-Jeans,2016,7,10,2016,7,10,67.06,CAMBODIA - SIHANOUKVILLE,-9,-33,68,44,-41,-65,50,26,78.65,21,24
CAMBODIA - SIHANOUKVILLE,B-Jeans,2016,9,4,2016,9,4,65.25,CAMBODIA - SIHANOUKVILLE,-65,-89,12,3,-6,-30,112,88,67.06,56,24
CAMBODIA - SIHANOUKVILLE,C-Trousers,2017,1,8,2017,1,8,15.63,CAMBODIA - SIHANOUKVILLE,-6,-44,20,48,-6,-44,96,58,6.33,147,38
CAMBODIA - SIHANOUKVILLE,C-Trousers,2017,2,19,2017,2,19,3.75375,CAMBODIA - SIHANOUKVILLE,-19,-42,44,21,-48,-71,54,31,15.63,42,23
CAMBODIA - SIHANOUKVILLE,C-Trousers,2017,2,26,2017,2,26,8.518125,CAMBODIA - SIHANOUKVILLE,-26,-56,37,7,-55,-85,47,17,3.75375,7,30
CAMBODIA - SIHANOUKVILLE,C-Trousers,2016,4,3,2016,4,3,6.81,CAMBODIA - SIHANOUKVILLE,-6,-35,1,12,-6,0,29,28,18.63,21,29
CAMBODIA - SIHANOUKVILLE,C-Trousers,2016,7,3,2016,7,3,23.77,CAMBODIA - SIHANOUKVILLE,-2,-26,75,51,-34,-58,57,33,6.81,91,24
CAMBODIA - SIHANOUKVILLE,C-Trousers,2016,7,10,2016,7,10,0.95,CAMBODIA - SIHANOUKVILLE,-9,-41,68,36,-41,-73,50,18,23.77,7,32
CAMBODIA - SIHANOUKVILLE,C-Trousers,2016,7,24,2016,7,24,71.136,CAMBODIA - SIHANOUKVILLE,-23,-50,54,27,-55,-82,36,9,0.95,14,27
CAMBODIA - SIHANOUKVILLE,C-Trousers,2016,7,31,2016,7,31,18.432,CAMBODIA - SIHANOUKVILLE,-30,-57,47,20,-62,-89,29,2,71.136,7,27
CAMBODIA - SIHANOUKVILLE,C-Trousers,2016,8,14,2016,8,14,6.33,CAMBODIA - SIHANOUKVILLE,-44,-76,33,1,-76,-17,15,101,18.432,14,32
CAMBODIA - SIHANOUKVILLE,F-Sweatshirts,2016,6,26,2016,6,26,47.93726,CAMBODIA - SIHANOUKVILLE,-17,-41,5,58,-27,-51,64,40,34.42,42,24
CAMBODIA - SIHANOUKVILLE,F-Sweatshirts,2016,7,3,2016,7,3,25.64,CAMBODIA - SIHANOUKVILLE,-2,-26,75,51,-34,-58,57,33,47.93726,7,24
CAMBODIA - SIHANOUKVILLE,F-Sweatshirts,2016,7,10,2016,7,10,7.09,CAMBODIA - SIHANOUKVILLE,-9,-41,68,36,-41,-73,50,18,25.64,7,32
CAMBODIA - SIHANOUKVILLE,F-Sweatshirts,2016,7,17,2016,7,17,36.67,CAMBODIA - SIHANOUKVILLE,-16,-43,61,34,-48,-75,43,16,7.09,7,27
CAMBODIA - SIHANOUKVILLE,F-Sweatshirts,2016,7,31,2016,7,31,47.04,CAMBODIA - SIHANOUKVILLE,-30,-57,47,20,-62,-89,29,2,36.67,14,27
CAMBODIA - SIHANOUKVILLE,F-Sweatshirts,2016,8,28,2016,8,28,114.927246,CAMBODIA - SIHANOUKVILLE,-58,-82,19,10,-90,-23,1,95,47.04,28,24
CAMBODIA - SIHANOUKVILLE,F-Sweatshirts,2016,9,11,2016,9,11,43.68,CAMBODIA - SIHANOUKVILLE,-72,-96,5,4,-13,-37,105,81,114.927246,14,24
CAMBODIA - SIHANOUKVILLE,F-Sweatshirts,2016,9,18,2016,9,18,31.31,CAMBODIA - SIHANOUKVILLE,-2,-26,13,74,-20,-44,98,74,43.68,7,24
CAMBODIA - SIHANOUKVILLE,K-Shirts,2017,1,1,2017,1,1,1.77,CAMBODIA - SIHANOUKVILLE,0,-34,1,59,0,-33,1,69,12.45,14,34
CAMBODIA - SIHANOUKVILLE,K-Shirts,2017,1,15,2017,1,15,1.93,CAMBODIA - SIHANOUKVILLE,-13,-46,13,46,-13,-46,89,56,1.77,14,33
CAMBODIA - SIHANOUKVILLE,K-Shirts,2017,1,22,2017,1,22,51.58,CAMBODIA - SIHANOUKVILLE,-20,-66,6,26,-20,-66,82,36,1.93,7,46
CAMBODIA - SIHANOUKVILLE,K-Shirts,2017,1,22,2017,1,22,35.68,CAMBODIA - SIHANOUKVILLE,-20,-66,6,26,-20,-66,82,36,1.93,7,34
CAMBODIA - SIHANOUKVILLE,K-Shirts,2017,2,12,2017,2,12,17,CAMBODIA - SIHANOUKVILLE,-12,-38,51,25,-41,-67,61,35,35.68,21,26
CAMBODIA - SIHANOUKVILLE,K-Shirts,2017,2,12,2017,2,12,17,CAMBODIA - SIHANOUKVILLE,-12,-38,51,25,-41,-67,61,35,51.58,21,26
CAMBODIA - SIHANOUKVILLE,K-Shirts,2017,2,19,2017,2,19,125.02535,CAMBODIA - SIHANOUKVILLE,-19,-42,44,21,-48,-71,54,31,17,7,23
CAMBODIA - SIHANOUKVILLE,K-Shirts,2017,2,26,2017,2,26,57.8655,CAMBODIA - SIHANOUKVILLE,-26,-56,37,7,-55,-85,47,17,125.02535,7,30
CAMBODIA - SIHANOUKVILLE,K-Shirts,2017,3,5,2017,3,5,12.72,CAMBODIA - SIHANOUKVILLE,-33,-63,30,10,-62,-92,40,10,57.8655,7,30
CAMBODIA - SIHANOUKVILLE,K-Shirts,2016,8,14,2016,8,14,11.904,CAMBODIA - SIHANOUKVILLE,-44,-68,33,9,-76,-9,15,109,10.187964,7,24
CAMBODIA - SIHANOUKVILLE,K-Shirts,2016,9,11,2016,9,11,16.6,CAMBODIA - SIHANOUKVILLE,-72,-104,5,73,-13,-45,105,73,11.904,28,32
CAMBODIA - SIHANOUKVILLE,K-Shirts,2016,9,25,2016,9,25,8.88,CAMBODIA - SIHANOUKVILLE,-9,-46,6,54,-27,-64,91,54,16.6,14,37
CAMBODIA - SIHANOUKVILLE,K-Shirts,2016,10,16,2016,10,16,11.46,CAMBODIA - SIHANOUKVILLE,-6,-45,70,31,-48,-87,70,31,8.88,21,39
CAMBODIA - SIHANOUKVILLE,K-Shirts,2016,10,23,2016,10,23,9.61,CAMBODIA - SIHANOUKVILLE,-13,-45,63,31,-55,-87,63,31,11.46,7,32
CAMBODIA - SIHANOUKVILLE,K-Shirts,2016,12,18,2017,12,18,12.45,CAMBODIA - SIHANOUKVILLE,-69,-101,7,9,-111,-17,7,85,9.61,56,32
CAMBODIA - SIHANOUKVILLE,M-Tops,2016,3,13,2016,3,13,33.166848,CAMBODIA - SIHANOUKVILLE,-32,-67,12,14,-72,-20,12,15,47.25,7,35
CAMBODIA - SIHANOUKVILLE,M-Tops,2016,8,14,2016,8,14,10.32,CAMBODIA - SIHANOUKVILLE,-44,-76,33,1,-76,-17,15,101,33.166848,154,32
CAMBODIA - SIHANOUKVILLE,S-Shorts,2017,1,15,2017,1,15,19.12,CAMBODIA - SIHANOUKVILLE,-13,-44,13,48,-13,-44,89,58,22.12,259,31
CAMBODIA - SIHANOUKVILLE,S-Shorts,2017,2,19,2017,2,19,26.784,CAMBODIA - SIHANOUKVILLE,-19,-59,44,4,-48,-88,54,14,19.12,35,40
CAMBODIA - SIHANOUKVILLE,S-Shorts,2016,4,10,2016,4,10,63.74016,CAMBODIA - SIHANOUKVILLE,-6,-33,21,7,-13,-5,22,23,5.13,28,27
CAMBODIA - SIHANOUKVILLE,S-Shorts,2016,5,1,2016,5,1,22.12,CAMBODIA - SIHANOUKVILLE,0,-24,1,15,-34,-23,1,5,63.74016,21,24
CAMBODIA - SIHANOUKVILLE,Y-Skirts,2017,1,8,2017,1,8,11.24,CAMBODIA - SIHANOUKVILLE,-6,-38,20,54,-6,-38,96,64,8.84,28,32
CAMBODIA - SIHANOUKVILLE,Y-Skirts,2017,1,15,2017,1,15,20.16,CAMBODIA - SIHANOUKVILLE,-13,-44,13,48,-13,-44,89,58,11.24,7,31
CAMBODIA - SIHANOUKVILLE,Y-Skirts,2017,1,22,2017,1,22,17.99,CAMBODIA - SIHANOUKVILLE,-20,-54,6,38,-20,-54,82,48,20.16,7,34
CAMBODIA - SIHANOUKVILLE,Y-Skirts,2017,2,5,2017,2,5,6.2,CAMBODIA - SIHANOUKVILLE,-5,-46,58,17,-34,-75,68,27,17.99,14,41
CAMBODIA - SIHANOUKVILLE,Y-Skirts,2017,2,12,2017,2,12,30.89,CAMBODIA - SIHANOUKVILLE,-12,-38,51,25,-41,-67,61,35,6.2,7,26
CAMBODIA - SIHANOUKVILLE,Y-Skirts,2017,3,5,2017,3,5,15.25,CAMBODIA - SIHANOUKVILLE,-33,-63,30,10,-62,-92,40,10,30.89,21,30
CAMBODIA - SIHANOUKVILLE,Y-Skirts,2016,7,31,2016,7,31,32.328288,CAMBODIA - SIHANOUKVILLE,-30,-57,47,20,-62,-89,29,2,13.95,28,27
CAMBODIA - SIHANOUKVILLE,Y-Skirts,2016,11,6,2016,11,6,9.43,CAMBODIA - SIHANOUKVILLE,-27,-54,49,22,-69,-96,49,22,32.328288,98,27
CAMBODIA - SIHANOUKVILLE,Y-Skirts,2016,12,4,2016,12,4,29.1,CAMBODIA - SIHANOUKVILLE,-55,-79,21,4,-97,-1,21,4,9.43,28,24
CAMBODIA - SIHANOUKVILLE,Y-Skirts,2016,12,11,2017,12,11,8.84,CAMBODIA - SIHANOUKVILLE,-62,-94,14,16,-104,-10,14,92,29.1,7,32
CHINA - NINGBO,C-Trousers,2017,1,26,2017,1,26,1.05,CHINA - NINGBO,-24,-54,2,38,-24,-54,78,48,7.344,28,30
CHINA - NINGBO,C-Trousers,2016,5,26,2016,5,26,0,CHINA - NINGBO,-12,-40,14,8,-24,-24,4,67,0,7,28
CHINA - NINGBO,C-Trousers,2016,10,18,2016,10,18,10.61,CHINA - NINGBO,-8,-37,68,39,-50,-79,68,39,0,145,29
CHINA - NINGBO,C-Trousers,2016,10,21,2016,10,21,8.74,CHINA - NINGBO,-11,-42,65,34,-53,-84,65,34,10.61,3,31
CHINA - NINGBO,C-Trousers,2016,12,22,2017,12,22,10.962,CHINA - NINGBO,-73,-101,3,9,-115,-17,3,85,8.74,62,28
CHINA - NINGBO,C-Trousers,2016,12,29,2017,12,29,7.344,CHINA - NINGBO,-2,-36,3,62,-2,-30,3,72,10.962,7,34
CHINA - NINGBO,F-Sweatshirts,2017,1,11,2017,1,11,42.521,CHINA - NINGBO,-9,-37,17,55,-9,-37,93,65,38.91,20,28
CHINA - NINGBO,F-Sweatshirts,2017,1,26,2017,1,26,5.031,CHINA - NINGBO,-24,-54,2,38,-24,-54,78,48,42.521,15,30
CHINA - NINGBO,F-Sweatshirts,2016,5,26,2016,5,26,45.55,CHINA - NINGBO,-12,-40,14,8,-24,-24,4,67,58.479,7,28
CHINA - NINGBO,F-Sweatshirts,2016,7,10,2016,7,10,27.846,CHINA - NINGBO,-9,-40,68,37,-41,-72,50,19,45.55,45,31
CHINA - NINGBO,F-Sweatshirts,2016,8,17,2016,8,17,62.55,CHINA - NINGBO,-47,-75,30,2,-79,-16,12,102,27.846,38,28
CHINA - NINGBO,F-Sweatshirts,2016,8,25,2016,8,25,55.962,CHINA - NINGBO,-55,-82,22,10,-87,-23,4,95,62.55,8,27
CHINA - NINGBO,F-Sweatshirts,2016,9,8,2016,9,8,5.095,CHINA - NINGBO,-69,-96,8,4,-10,-37,108,81,55.962,14,27
CHINA - NINGBO,F-Sweatshirts,2016,10,18,2016,10,18,18.49,CHINA - NINGBO,-8,-37,68,39,-50,-79,68,39,5.095,40,29
CHINA - NINGBO,F-Sweatshirts,2016,10,21,2016,10,21,34.232,CHINA - NINGBO,-11,-42,65,34,-53,-84,65,34,18.49,3,31
CHINA - NINGBO,F-Sweatshirts,2016,12,8,2017,12,8,14.911,CHINA - NINGBO,-59,-87,17,23,-101,-3,17,99,34.232,48,28
CHINA - NINGBO,F-Sweatshirts,2016,12,22,2017,12,22,38.91,CHINA - NINGBO,-73,-101,3,9,-115,-17,3,85,14.911,14,28
CHINA - NINGBO,M-Tops,2017,1,11,2017,1,11,4.992,CHINA - NINGBO,-9,-37,17,55,-9,-37,93,65,10.5,34,28
CHINA - NINGBO,M-Tops,2017,1,26,2017,1,26,4.933,CHINA - NINGBO,-24,-54,2,38,-24,-54,78,48,4.992,15,30
CHINA - NINGBO,M-Tops,2016,6,4,2016,6,4,21.229,CHINA - NINGBO,-21,-48,5,77,-5,-32,86,59,45.884,57,27
CHINA - NINGBO,M-Tops,2016,6,16,2016,6,16,11.286,CHINA - NINGBO,-7,-35,15,64,-17,-45,74,46,21.229,12,28
CHINA - NINGBO,M-Tops,2016,6,30,2016,6,30,25.957,CHINA - NINGBO,-21,-49,1,50,-31,-59,60,32,11.286,14,28
CHINA - NINGBO,M-Tops,2016,8,25,2016,8,25,89.67,CHINA - NINGBO,-55,-82,22,10,-87,-23,4,95,25.957,56,27
CHINA - NINGBO,M-Tops,2016,12,8,2017,12,8,10.5,CHINA - NINGBO,-59,-87,17,23,-101,-3,17,99,89.67,105,28
CHINA - NINGBO,S-Shorts,2017,1,26,2017,1,26,3.192,CHINA - NINGBO,-24,-54,2,38,-24,-54,78,48,19.79,28,30
CHINA - NINGBO,Y-Skirts,2017,1,11,2017,1,11,5.717,CHINA - NINGBO,-9,-37,17,55,-9,-37,93,65,18.005,125,28
CHINA - QINGDAO,D-Jackets,2017,1,7,2017,1,7,20.36,CHINA - QINGDAO,-5,-36,21,56,-5,-36,97,66,8.26,116,31
CHINA - QINGDAO,D-Jackets,2017,1,17,2017,1,17,11.9,CHINA - QINGDAO,-15,-54,11,38,-15,-54,87,48,20.36,10,39
CHINA - QINGDAO,D-Jackets,2016,6,24,2016,6,24,46.2,CHINA - QINGDAO,-15,-47,7,52,-25,-57,66,34,78.8,33,32
CHINA - QINGDAO,D-Jackets,2016,7,7,2016,7,7,2.38,CHINA - QINGDAO,-6,-40,71,37,-38,-72,53,19,46.2,13,34
CHINA - QINGDAO,D-Jackets,2016,7,17,2016,7,17,38.62,CHINA - QINGDAO,-16,-45,61,32,-48,-77,43,14,2.38,10,29
CHINA - QINGDAO,D-Jackets,2016,7,26,2016,7,26,18.8,CHINA - QINGDAO,-25,-58,52,19,-57,-90,34,1,38.62,9,33
CHINA - QINGDAO,D-Jackets,2016,8,2,2016,8,2,10.3,CHINA - QINGDAO,-32,-64,45,13,-64,-5,27,113,18.8,7,32
CHINA - QINGDAO,D-Jackets,2016,8,21,2016,8,21,9.643,CHINA - QINGDAO,-51,-85,26,7,-83,-26,8,92,10.3,19,34
CHINA - QINGDAO,D-Jackets,2016,8,24,2016,8,24,49.9,CHINA - QINGDAO,-54,-86,23,6,-86,-27,5,91,9.643,3,32
CHINA - QINGDAO,D-Jackets,2016,8,27,2016,8,27,29.6,CHINA - QINGDAO,-57,-89,20,3,-89,-30,2,88,49.9,3,32
CHINA - QINGDAO,D-Jackets,2016,9,13,2016,9,13,8.26,CHINA - QINGDAO,-74,-106,3,71,-15,-47,103,71,29.6,17,32
CHINA - QINGDAO,F-Sweatshirts,2017,1,17,2017,1,17,48.59,CHINA - QINGDAO,-15,-54,11,38,-15,-54,87,48,55.64,143,39
CHINA - QINGDAO,F-Sweatshirts,2017,2,17,2017,2,17,24.2,CHINA - QINGDAO,-17,-48,46,15,-46,-77,56,25,48.59,31,31
CHINA - QINGDAO,F-Sweatshirts,2017,2,26,2017,2,26,4.68,CHINA - QINGDAO,-26,-58,37,5,-55,-87,47,15,24.2,9,32
CHINA - QINGDAO,F-Sweatshirts,2016,7,26,2016,7,26,9.36,CHINA - QINGDAO,-25,-58,52,19,-57,-90,34,1,18.8,32,33
CHINA - QINGDAO,F-Sweatshirts,2016,8,27,2016,8,27,55.64,CHINA - QINGDAO,-57,-89,20,3,-89,-30,2,88,9.36,32,32
CHINA - QINGDAO,I-Knitwear,2017,1,7,2017,1,7,2.85,CHINA - QINGDAO,-5,-33,21,59,-5,-33,97,69,62.92,11,28
CHINA - QINGDAO,I-Knitwear,2017,1,7,2017,1,7,7.1,CHINA - QINGDAO,-5,-33,21,59,-5,-33,97,69,62.92,11,31
CHINA - QINGDAO,I-Knitwear,2017,1,8,2017,1,8,18.95,CHINA - QINGDAO,-6,-44,20,48,-6,-44,96,58,7.1,1,38
CHINA - QINGDAO,I-Knitwear,2017,1,8,2017,1,8,18.95,CHINA - QINGDAO,-6,-44,20,48,-6,-44,96,58,2.85,1,38
CHINA - QINGDAO,I-Knitwear,2017,1,26,2017,1,26,25.502,CHINA - QINGDAO,-24,-66,2,26,-24,-66,78,36,18.95,18,42
CHINA - QINGDAO,I-Knitwear,2016,5,8,2016,5,8,218.58,CHINA - QINGDAO,-6,-35,6,3,-6,-7,22,84,149.48,7,29
CHINA - QINGDAO,I-Knitwear,2016,5,12,2016,5,12,96.16,CHINA - QINGDAO,-10,-41,2,19,-10,-13,18,78,218.58,4,31
CHINA - QINGDAO,I-Knitwear,2016,5,29,2016,5,29,0,CHINA - QINGDAO,-15,-48,11,77,-27,-32,1,59,96.16,17,33
CHINA - QINGDAO,I-Knitwear,2016,6,5,2016,6,5,43.82,CHINA - QINGDAO,-22,-54,4,71,-6,-38,85,53,0,7,32
CHINA - QINGDAO,I-Knitwear,2016,6,12,2016,6,12,25.07,CHINA - QINGDAO,-3,-35,19,64,-13,-45,78,46,43.82,7,32
CHINA - QINGDAO,I-Knitwear,2016,6,24,2016,6,24,115.66,CHINA - QINGDAO,-15,-47,7,52,-25,-57,66,34,25.07,12,32
CHINA - QINGDAO,I-Knitwear,2016,7,7,2016,7,7,188.07,CHINA - QINGDAO,-6,-40,71,37,-38,-72,53,19,115.66,13,34
CHINA - QINGDAO,I-Knitwear,2016,7,11,2016,7,11,111.499,CHINA - QINGDAO,-10,-40,67,37,-42,-72,49,19,188.07,4,30
CHINA - QINGDAO,I-Knitwear,2016,7,17,2016,7,17,169.23,CHINA - QINGDAO,-16,-45,61,32,-48,-77,43,14,111.499,6,29
CHINA - QINGDAO,I-Knitwear,2016,7,26,2016,7,26,109.36,CHINA - QINGDAO,-25,-58,52,19,-57,-90,34,1,169.23,9,33
CHINA - QINGDAO,I-Knitwear,2016,8,2,2016,8,2,96.475,CHINA - QINGDAO,-32,-64,45,13,-64,-5,27,113,109.36,7,32
CHINA - QINGDAO,I-Knitwear,2016,8,7,2016,8,7,55.596792,CHINA - QINGDAO,-37,-68,40,9,-69,-9,22,109,96.475,5,31
CHINA - QINGDAO,I-Knitwear,2016,8,9,2016,8,9,155.056,CHINA - QINGDAO,-39,-71,38,6,-71,-12,20,106,55.596792,2,32
CHINA - QINGDAO,I-Knitwear,2016,8,21,2016,8,21,24.42,CHINA - QINGDAO,-51,-85,26,7,-83,-26,8,92,155.056,12,34
CHINA - QINGDAO,I-Knitwear,2016,8,24,2016,8,24,301.47,CHINA - QINGDAO,-54,-86,23,6,-86,-27,5,91,24.42,3,32
CHINA - QINGDAO,I-Knitwear,2016,8,27,2016,8,27,132.72,CHINA - QINGDAO,-57,-89,20,3,-89,-30,2,88,301.47,3,32
CHINA - QINGDAO,I-Knitwear,2016,9,3,2016,9,3,120.99,CHINA - QINGDAO,-64,-94,13,6,-5,-35,113,83,132.72,7,30
CHINA - QINGDAO,I-Knitwear,2016,9,4,2016,9,4,21.03,CHINA - QINGDAO,-65,-96,12,4,-6,-37,112,81,120.99,1,31
CHINA - QINGDAO,I-Knitwear,2016,9,6,2016,9,6,220.82,CHINA - QINGDAO,-67,-99,10,1,-8,-40,110,78,21.03,2,32
CHINA - QINGDAO,I-Knitwear,2016,9,8,2016,9,8,146.18,CHINA - QINGDAO,-69,-100,8,1,-10,-41,108,77,220.82,2,31
CHINA - QINGDAO,I-Knitwear,2016,9,10,2016,9,10,60.84,CHINA - QINGDAO,-71,-103,6,74,-12,-44,106,74,146.18,2,32
CHINA - QINGDAO,I-Knitwear,2016,9,13,2016,9,13,7.53,CHINA - QINGDAO,-74,-106,3,71,-15,-47,103,71,60.84,3,32
CHINA - QINGDAO,I-Knitwear,2016,9,18,2016,9,18,91.3,CHINA - QINGDAO,-2,-36,13,64,-20,-54,98,64,7.53,5,34
CHINA - QINGDAO,I-Knitwear,2016,12,3,2017,12,3,9.9,CHINA - QINGDAO,-54,-87,22,23,-96,-3,22,99,91.3,76,33
CHINA - QINGDAO,I-Knitwear,2016,12,11,2017,12,11,172.41,CHINA - QINGDAO,-62,-96,14,14,-104,-12,14,90,9.9,8,34
CHINA - QINGDAO,I-Knitwear,2016,12,17,2017,12,17,12.12,CHINA - QINGDAO,-68,-101,8,9,-110,-17,8,85,172.41,6,33
CHINA - QINGDAO,I-Knitwear,2016,12,27,2017,12,27,62.92,CHINA - QINGDAO,0,-36,5,62,0,-30,5,72,12.12,10,36
CHINA - QINGDAO,M-Tops,2016,12,3,2017,12,3,10.6,CHINA - QINGDAO,-54,-87,22,23,-96,-3,22,99,3,101,33
CHINA - SHANGHAI,C-Trousers,2017,1,22,2017,1,22,9.89,CHINA - SHANGHAI,-20,-54,6,38,-20,-54,82,48,7.004,33,34
CHINA - SHANGHAI,C-Trousers,2017,1,24,2017,1,24,84.238,CHINA - SHANGHAI,-22,-66,4,26,-22,-66,80,36,9.89,2,44
CHINA - SHANGHAI,C-Trousers,2017,2,1,2017,2,1,41.154,CHINA - SHANGHAI,-1,-37,62,26,-30,-66,72,36,84.238,8,36
CHINA - SHANGHAI,C-Trousers,2017,3,14,2017,3,14,6.258,CHINA - SHANGHAI,-42,-72,21,1,-71,-101,31,1,41.154,41,30
CHINA - SHANGHAI,C-Trousers,2016,5,15,2016,5,15,9.58,CHINA - SHANGHAI,-1,-29,25,19,-13,-13,15,78,14.826,42,28
CHINA - SHANGHAI,C-Trousers,2016,6,28,2016,6,28,22.69,CHINA - SHANGHAI,-19,-49,3,50,-29,-59,62,32,9.58,44,30
CHINA - SHANGHAI,C-Trousers,2016,7,13,2016,7,13,13.79,CHINA - SHANGHAI,-12,-40,65,37,-44,-72,47,19,22.69,15,28
CHINA - SHANGHAI,C-Trousers,2016,8,9,2016,8,9,4.482,CHINA - SHANGHAI,-39,-68,38,9,-71,-9,20,109,13.79,27,29
CHINA - SHANGHAI,C-Trousers,2016,8,10,2016,8,10,4.482,CHINA - SHANGHAI,-40,-68,37,9,-72,-9,19,109,4.482,1,28
CHINA - SHANGHAI,C-Trousers,2016,8,24,2016,8,24,28.3,CHINA - SHANGHAI,-54,-82,23,10,-86,-23,5,95,4.482,14,28
CHINA - SHANGHAI,C-Trousers,2016,9,6,2016,9,6,18.25,CHINA - SHANGHAI,-67,-96,10,4,-8,-37,110,81,28.3,13,29
CHINA - SHANGHAI,C-Trousers,2016,9,20,2016,9,20,8.82,CHINA - SHANGHAI,-4,-32,11,68,-22,-50,96,68,18.25,14,28
CHINA - SHANGHAI,C-Trousers,2016,11,29,2016,11,29,5.02,CHINA - SHANGHAI,-50,-79,26,4,-92,-1,26,4,8.82,70,29
CHINA - SHANGHAI,C-Trousers,2016,12,20,2017,12,20,7.004,CHINA - SHANGHAI,-71,-101,5,9,-113,-17,5,85,5.02,21,30
CHINA - SHANGHAI,D-Jackets,2017,1,9,2017,1,9,35.769,CHINA - SHANGHAI,-7,-37,19,55,-7,-37,95,65,31.4,34,30
CHINA - SHANGHAI,D-Jackets,2017,1,22,2017,1,22,8.388,CHINA - SHANGHAI,-20,-54,6,38,-20,-54,82,48,35.769,13,34
CHINA - SHANGHAI,D-Jackets,2017,1,24,2017,1,24,17.31,CHINA - SHANGHAI,-22,-66,4,26,-22,-66,80,36,8.388,2,44
CHINA - SHANGHAI,D-Jackets,2017,2,1,2017,2,1,8.93,CHINA - SHANGHAI,-1,-27,62,36,-30,-56,72,46,17.31,8,26
CHINA - SHANGHAI,D-Jackets,2016,4,24,2016,4,24,9.361,CHINA - SHANGHAI,-20,-49,7,17,-27,-21,8,7,0.72,7,29
CHINA - SHANGHAI,D-Jackets,2016,5,1,2016,5,1,174.068,CHINA - SHANGHAI,0,-28,1,11,-34,-27,1,1,9.361,7,28
CHINA - SHANGHAI,D-Jackets,2016,5,12,2016,5,12,641.16,CHINA - SHANGHAI,-10,-43,2,17,-10,-15,18,76,174.068,11,33
CHINA - SHANGHAI,D-Jackets,2016,5,15,2016,5,15,4.61,CHINA - SHANGHAI,-1,-29,25,19,-13,-13,15,78,641.16,3,28
CHINA - SHANGHAI,D-Jackets,2016,5,24,2016,5,24,87.53,CHINA - SHANGHAI,-10,-40,16,8,-22,-24,6,67,4.61,9,30
CHINA - SHANGHAI,D-Jackets,2016,6,1,2016,6,1,210.49,CHINA - SHANGHAI,-18,-48,8,77,-2,-32,89,59,87.53,8,30
CHINA - SHANGHAI,D-Jackets,2016,6,6,2016,6,6,229.818,CHINA - SHANGHAI,-23,-50,3,75,-7,-34,84,57,210.49,5,27
CHINA - SHANGHAI,D-Jackets,2016,6,15,2016,6,15,45.84,CHINA - SHANGHAI,-6,-35,16,64,-16,-45,75,46,229.818,9,29
CHINA - SHANGHAI,D-Jackets,2016,6,26,2016,6,26,48.63,CHINA - SHANGHAI,-17,-47,5,52,-27,-57,64,34,45.84,11,30
CHINA - SHANGHAI,D-Jackets,2016,6,28,2016,6,28,228.431,CHINA - SHANGHAI,-19,-49,3,50,-29,-59,62,32,48.63,2,30
CHINA - SHANGHAI,D-Jackets,2016,7,5,2016,7,5,0,CHINA - SHANGHAI,-4,-32,73,45,-36,-64,55,27,228.431,7,28
CHINA - SHANGHAI,D-Jackets,2016,7,9,2016,7,9,80.434,CHINA - SHANGHAI,-8,-40,69,37,-40,-72,51,19,0,4,32
CHINA - SHANGHAI,D-Jackets,2016,7,13,2016,7,13,286.812,CHINA - SHANGHAI,-12,-40,65,37,-44,-72,47,19,80.434,4,28
CHINA - SHANGHAI,D-Jackets,2016,7,23,2016,7,23,0,CHINA - SHANGHAI,-22,-51,55,26,-54,-83,37,8,286.812,10,29
CHINA - SHANGHAI,D-Jackets,2016,7,23,2016,7,23,69.25,CHINA - SHANGHAI,-22,-51,55,26,-54,-83,37,8,286.812,10,30
CHINA - SHANGHAI,D-Jackets,2016,7,29,2016,7,29,108.465,CHINA - SHANGHAI,-28,-57,49,20,-60,-89,31,2,69.25,6,29
CHINA - SHANGHAI,D-Jackets,2016,7,29,2016,7,29,108.465,CHINA - SHANGHAI,-28,-57,49,20,-60,-89,31,2,0,6,29
CHINA - SHANGHAI,D-Jackets,2016,7,29,2016,7,29,249,CHINA - SHANGHAI,-28,-57,49,20,-60,-89,31,2,69.25,6,30
CHINA - SHANGHAI,D-Jackets,2016,7,29,2016,7,29,249,CHINA - SHANGHAI,-28,-57,49,20,-60,-89,31,2,0,6,30
CHINA - SHANGHAI,D-Jackets,2016,7,31,2016,7,31,0,CHINA - SHANGHAI,-30,-59,47,18,-62,0,29,118,249,2,29
CHINA - SHANGHAI,D-Jackets,2016,7,31,2016,7,31,0,CHINA - SHANGHAI,-30,-59,47,18,-62,0,29,118,108.465,2,29
CHINA - SHANGHAI,D-Jackets,2016,8,3,2016,8,3,396.892,CHINA - SHANGHAI,-33,-61,44,16,-65,-2,26,116,0,3,28
CHINA - SHANGHAI,D-Jackets,2016,8,7,2016,8,7,0,CHINA - SHANGHAI,-37,-65,40,12,-69,-6,22,112,396.892,4,28
CHINA - SHANGHAI,D-Jackets,2016,8,9,2016,8,9,0,CHINA - SHANGHAI,-39,-68,38,9,-71,-9,20,109,0,2,29
CHINA - SHANGHAI,D-Jackets,2016,8,10,2016,8,10,44.4,CHINA - SHANGHAI,-40,-68,37,9,-72,-9,19,109,0,1,28
CHINA - SHANGHAI,D-Jackets,2016,8,14,2016,8,14,111.335,CHINA - SHANGHAI,-44,-72,33,5,-76,-13,15,105,44.4,4,28
CHINA - SHANGHAI,D-Jackets,2016,8,16,2016,8,16,284.094,CHINA - SHANGHAI,-46,-75,31,2,-78,-16,13,102,111.335,2,29
CHINA - SHANGHAI,D-Jackets,2016,8,17,2016,8,17,280,CHINA - SHANGHAI,-47,-78,30,14,-79,-19,12,99,284.094,1,31
CHINA - SHANGHAI,D-Jackets,2016,8,24,2016,8,24,209.095,CHINA - SHANGHAI,-54,-82,23,10,-86,-23,5,95,280,7,28
CHINA - SHANGHAI,D-Jackets,2016,8,30,2016,8,30,130.32,CHINA - SHANGHAI,-60,-89,17,3,-1,-30,117,88,209.095,6,29
CHINA - SHANGHAI,D-Jackets,2016,9,5,2016,9,5,0,CHINA - SHANGHAI,-66,-94,11,6,-7,-35,111,83,130.32,6,28
CHINA - SHANGHAI,D-Jackets,2016,9,6,2016,9,6,122.117,CHINA - SHANGHAI,-67,-96,10,4,-8,-37,110,81,0,1,29
CHINA - SHANGHAI,D-Jackets,2016,9,13,2016,9,13,14.02,CHINA - SHANGHAI,-74,-103,3,74,-15,-44,103,74,122.117,7,29
CHINA - SHANGHAI,D-Jackets,2016,9,20,2016,9,20,74.66,CHINA - SHANGHAI,-4,-32,11,68,-22,-50,96,68,14.02,7,28
CHINA - SHANGHAI,D-Jackets,2016,9,26,2016,9,26,75,CHINA - SHANGHAI,-10,-37,5,63,-28,-55,90,63,74.66,6,27
CHINA - SHANGHAI,D-Jackets,2016,9,27,2016,9,27,38.045,CHINA - SHANGHAI,-11,-41,4,59,-29,-59,89,59,75,1,30
CHINA - SHANGHAI,D-Jackets,2016,10,7,2016,10,7,53.64,CHINA - SHANGHAI,-6,-39,2,46,-39,-72,79,46,38.045,10,33
CHINA - SHANGHAI,D-Jackets,2016,11,10,2016,11,10,5.1,CHINA - SHANGHAI,-31,-62,45,14,-73,-104,45,14,53.64,34,31
CHINA - SHANGHAI,D-Jackets,2016,11,22,2016,11,22,9.46,CHINA - SHANGHAI,-43,-73,33,3,-85,-115,33,3,5.1,12,30
CHINA - SHANGHAI,D-Jackets,2016,12,6,2017,12,6,31.4,CHINA - SHANGHAI,-57,-87,19,23,-99,-3,19,99,9.46,14,30
CHINA - SHANGHAI,F-Sweatshirts,2017,1,22,2017,1,22,52.859,CHINA - SHANGHAI,-20,-54,6,38,-20,-54,82,48,48.61,22,34
CHINA - SHANGHAI,F-Sweatshirts,2017,2,1,2017,2,1,21.799,CHINA - SHANGHAI,-1,-37,62,26,-30,-66,72,36,52.859,10,36
CHINA - SHANGHAI,F-Sweatshirts,2017,3,14,2017,3,14,4.786,CHINA - SHANGHAI,-42,-72,21,1,-71,-101,31,1,21.799,41,30
CHINA - SHANGHAI,F-Sweatshirts,2016,6,26,2016,6,26,6,CHINA - SHANGHAI,-17,-47,5,52,-27,-57,64,34,2.96,11,30
CHINA - SHANGHAI,F-Sweatshirts,2016,6,28,2016,6,28,77.32,CHINA - SHANGHAI,-19,-49,3,50,-29,-59,62,32,6,2,30
CHINA - SHANGHAI,F-Sweatshirts,2016,7,13,2016,7,13,71.987,CHINA - SHANGHAI,-12,-40,65,37,-44,-72,47,19,77.32,15,28
CHINA - SHANGHAI,F-Sweatshirts,2016,7,23,2016,7,23,14.511,CHINA - SHANGHAI,-22,-52,55,25,-54,-84,37,7,71.987,10,30
CHINA - SHANGHAI,F-Sweatshirts,2016,7,31,2016,7,31,120.25,CHINA - SHANGHAI,-30,-59,47,18,-62,0,29,118,14.511,8,29
CHINA - SHANGHAI,F-Sweatshirts,2016,8,16,2016,8,16,53.146,CHINA - SHANGHAI,-46,-75,31,2,-78,-16,13,102,120.25,16,29
CHINA - SHANGHAI,F-Sweatshirts,2016,8,24,2016,8,24,62.68,CHINA - SHANGHAI,-54,-82,23,10,-86,-23,5,95,53.146,8,28
CHINA - SHANGHAI,F-Sweatshirts,2016,9,6,2016,9,6,49.091,CHINA - SHANGHAI,-67,-96,10,4,-8,-37,110,81,62.68,13,29
CHINA - SHANGHAI,F-Sweatshirts,2016,11,3,2016,11,3,16.896,CHINA - SHANGHAI,-24,-52,52,24,-66,-94,52,24,49.091,58,28
CHINA - SHANGHAI,F-Sweatshirts,2016,11,19,2016,11,19,12.08,CHINA - SHANGHAI,-40,-69,36,7,-82,-111,36,7,16.896,16,29
CHINA - SHANGHAI,F-Sweatshirts,2016,12,20,2017,12,20,47.796,CHINA - SHANGHAI,-71,-101,5,9,-113,-17,5,85,12.08,31,30
CHINA - SHANGHAI,F-Sweatshirts,2016,12,31,2017,12,31,48.61,CHINA - SHANGHAI,-4,-36,1,62,-4,-30,1,72,47.796,11,32
CHINA - SHANGHAI,I-Knitwear,2017,3,11,2017,3,11,4.9,CHINA - SHANGHAI,-39,-69,24,4,-68,-98,34,4,14.64,102,30
CHINA - SHANGHAI,I-Knitwear,2016,4,14,2016,4,14,2.6,CHINA - SHANGHAI,-10,-37,17,3,-17,-9,18,19,11.17,20,27
CHINA - SHANGHAI,I-Knitwear,2016,4,17,2016,4,17,8.19,CHINA - SHANGHAI,-13,-52,14,14,-20,-24,15,4,2.6,3,39
CHINA - SHANGHAI,I-Knitwear,2016,4,24,2016,4,24,2.64,CHINA - SHANGHAI,-20,-49,7,17,-27,-21,8,7,8.19,7,29
CHINA - SHANGHAI,I-Knitwear,2016,6,26,2016,6,26,31.04,CHINA - SHANGHAI,-17,-47,5,52,-27,-57,64,34,2.64,63,30
CHINA - SHANGHAI,I-Knitwear,2016,7,9,2016,7,9,10.24,CHINA - SHANGHAI,-8,-35,69,42,-40,-67,51,24,31.04,13,27
CHINA - SHANGHAI,I-Knitwear,2016,7,13,2016,7,13,59.1,CHINA - SHANGHAI,-12,-40,65,37,-44,-72,47,19,10.24,4,28
CHINA - SHANGHAI,I-Knitwear,2016,7,20,2016,7,20,25.29,CHINA - SHANGHAI,-19,-48,58,29,-51,-80,40,11,59.1,7,29
CHINA - SHANGHAI,I-Knitwear,2016,7,23,2016,7,23,4.5,CHINA - SHANGHAI,-22,-52,55,25,-54,-84,37,7,25.29,3,30
CHINA - SHANGHAI,I-Knitwear,2016,8,3,2016,8,3,41.78,CHINA - SHANGHAI,-33,-61,44,16,-65,-2,26,116,4.5,11,28
CHINA - SHANGHAI,I-Knitwear,2016,8,9,2016,8,9,24.2,CHINA - SHANGHAI,-39,-68,38,9,-71,-9,20,109,41.78,6,29
CHINA - SHANGHAI,I-Knitwear,2016,8,30,2016,8,30,25.71,CHINA - SHANGHAI,-60,-89,17,3,-1,-30,117,88,24.2,21,29
CHINA - SHANGHAI,I-Knitwear,2016,9,6,2016,9,6,54.65,CHINA - SHANGHAI,-67,-96,10,4,-8,-37,110,81,25.71,7,29
CHINA - SHANGHAI,I-Knitwear,2016,9,11,2016,9,11,42.15,CHINA - SHANGHAI,-72,-96,5,4,-13,-37,105,81,54.65,5,24
CHINA - SHANGHAI,I-Knitwear,2016,9,13,2016,9,13,35.44,CHINA - SHANGHAI,-74,-103,3,74,-15,-44,103,74,42.15,2,29
CHINA - SHANGHAI,I-Knitwear,2016,9,20,2016,9,20,25.56,CHINA - SHANGHAI,-4,-32,11,68,-22,-50,96,68,35.44,7,28
CHINA - SHANGHAI,I-Knitwear,2016,9,27,2016,9,27,51.65,CHINA - SHANGHAI,-11,-41,4,59,-29,-59,89,59,25.56,7,30
CHINA - SHANGHAI,I-Knitwear,2016,11,29,2016,11,29,14.64,CHINA - SHANGHAI,-50,-79,26,4,-92,-1,26,4,51.65,63,29
CHINA - SHANGHAI,K-Shirts,2016,7,13,2016,7,13,0,CHINA - SHANGHAI,-12,-40,65,37,-44,-72,47,19,0,4,28
CHINA - SHANGHAI,K-Shirts,2016,8,3,2016,8,3,14.47,CHINA - SHANGHAI,-33,-61,44,16,-65,-2,26,116,0,21,28
CHINA - SHANGHAI,K-Shirts,2016,8,24,2016,8,24,17.57,CHINA - SHANGHAI,-54,-82,23,10,-86,-23,5,95,14.47,21,28
CHINA - SHANGHAI,K-Shirts,2016,9,20,2016,9,20,1.3,CHINA - SHANGHAI,-4,-32,11,68,-22,-50,96,68,17.57,27,28
CHINA - SHANGHAI,K-Shirts,2016,11,19,2016,11,19,13.77,CHINA - SHANGHAI,-40,-69,36,7,-82,-111,36,7,1.3,60,29
CHINA - SHANGHAI,M-Tops,2017,1,24,2017,1,24,7.6,CHINA - SHANGHAI,-22,-66,4,26,-22,-66,80,36,46.684,56,44
CHINA - SHANGHAI,M-Tops,2016,4,24,2016,4,24,1.056,CHINA - SHANGHAI,-20,-49,7,17,-27,-21,8,7,10.72,7,29
CHINA - SHANGHAI,M-Tops,2016,5,1,2016,5,1,6.2,CHINA - SHANGHAI,0,-28,1,11,-34,-27,1,1,1.056,7,28
CHINA - SHANGHAI,M-Tops,2016,5,12,2016,5,12,8.913,CHINA - SHANGHAI,-10,-43,2,17,-10,-15,18,76,6.2,11,33
CHINA - SHANGHAI,M-Tops,2016,5,15,2016,5,15,11.76,CHINA - SHANGHAI,-1,-29,25,19,-13,-13,15,78,8.913,3,28
CHINA - SHANGHAI,M-Tops,2016,6,8,2016,6,8,7.43,CHINA - SHANGHAI,-25,-54,1,71,-9,-38,82,53,11.76,24,29
CHINA - SHANGHAI,M-Tops,2016,6,28,2016,6,28,6.99,CHINA - SHANGHAI,-19,-49,3,50,-29,-59,62,32,7.43,20,30
CHINA - SHANGHAI,M-Tops,2016,7,13,2016,7,13,0,CHINA - SHANGHAI,-12,-40,65,37,-44,-72,47,19,6.99,15,28
CHINA - SHANGHAI,M-Tops,2016,8,16,2016,8,16,80.665,CHINA - SHANGHAI,-46,-75,31,2,-78,-16,13,102,0,34,29
CHINA - SHANGHAI,M-Tops,2016,8,30,2016,8,30,17.813,CHINA - SHANGHAI,-60,-89,17,3,-1,-30,117,88,80.665,14,29
CHINA - SHANGHAI,M-Tops,2016,9,20,2016,9,20,8.17,CHINA - SHANGHAI,-4,-32,11,68,-22,-50,96,68,17.813,21,28
CHINA - SHANGHAI,M-Tops,2016,11,19,2016,11,19,32.08,CHINA - SHANGHAI,-40,-69,36,7,-82,-111,36,7,8.17,60,29
CHINA - SHANGHAI,M-Tops,2016,11,22,2016,11,22,11.453,CHINA - SHANGHAI,-43,-73,33,3,-85,-115,33,3,32.08,3,30
CHINA - SHANGHAI,M-Tops,2016,11,29,2016,11,29,46.684,CHINA - SHANGHAI,-50,-79,26,4,-92,-1,26,4,11.453,7,29
CHINA - SHANGHAI,S-Shorts,2017,1,22,2017,1,22,8.27,CHINA - SHANGHAI,-20,-54,6,38,-20,-54,82,48,7.84,26,34
CHINA - SHANGHAI,S-Shorts,2016,12,27,2017,12,27,7.84,CHINA - SHANGHAI,0,-30,5,2,0,-24,5,78,23.747,7,30
CHINA - SHANGHAI,Y-Skirts,2016,5,1,2016,5,1,3.852,CHINA - SHANGHAI,0,-28,1,11,-34,-27,1,1,6.58,28,28
CHINA - SHANGHAI,Y-Skirts,2016,6,8,2016,6,8,3.382,CHINA - SHANGHAI,-25,-54,1,71,-9,-38,82,53,3.852,38,29
CHINA - SHANGHAI,Y-Skirts,2016,6,26,2016,6,26,33.77,CHINA - SHANGHAI,-17,-47,5,52,-27,-57,64,34,3.382,18,30
CHINA - SHANGHAI,Y-Skirts,2016,6,28,2016,6,28,0,CHINA - SHANGHAI,-19,-49,3,50,-29,-59,62,32,33.77,2,30
CHINA - SHANGHAI,Y-Skirts,2016,7,9,2016,7,9,0,CHINA - SHANGHAI,-8,-40,69,37,-40,-72,51,19,0,11,32
CHINA - SHANGHAI,Y-Skirts,2016,7,13,2016,7,13,55.9,CHINA - SHANGHAI,-12,-40,65,37,-44,-72,47,19,0,4,28
CHINA - SHANGHAI,Y-Skirts,2016,7,23,2016,7,23,90.22,CHINA - SHANGHAI,-22,-52,55,25,-54,-84,37,7,55.9,10,30
CHINA - SHANGHAI,Y-Skirts,2016,8,16,2016,8,16,50.97,CHINA - SHANGHAI,-46,-75,31,2,-78,-16,13,102,90.22,24,29
CHINA - SHANGHAI,Y-Skirts,2016,8,24,2016,8,24,57.919,CHINA - SHANGHAI,-54,-82,23,10,-86,-23,5,95,50.97,8,28
CHINA - SHANGHAI,Y-Skirts,2016,8,30,2016,8,30,18.68,CHINA - SHANGHAI,-60,-89,17,3,-1,-30,117,88,57.919,6,29
CHINA - SHANGHAI,Y-Skirts,2016,9,20,2016,9,20,24.6,CHINA - SHANGHAI,-4,-32,11,68,-22,-50,96,68,18.68,21,28
CHINA - SHANGHAI,Y-Skirts,2016,12,13,2017,12,13,4.04,CHINA - SHANGHAI,-64,-93,12,17,-106,-9,12,93,24.6,84,29
CHINA - XIAMEN,D-Jackets,2017,2,2,2017,2,2,23.33,CHINA - XIAMEN,-2,-37,61,26,-31,-66,71,36,11.41,46,35
CHINA - XIAMEN,D-Jackets,2016,12,18,2017,12,18,11.41,CHINA - XIAMEN,-69,-96,7,14,-111,-12,7,90,38.27,36,27
CHINA - XIAMEN,I-Knitwear,2016,9,3,2016,9,3,0,CHINA - XIAMEN,-64,-89,13,3,-5,-30,113,88,9.042,37,25
CHINA - YANTIAN,B-Jeans,2017,1,2,2017,1,2,14.09,CHINA - YANTIAN,0,-30,26,62,0,-30,102,72,18.198,3,30
CHINA - YANTIAN,B-Jeans,2017,1,9,2017,1,9,13.76,CHINA - YANTIAN,-7,-37,19,55,-7,-37,95,65,14.09,7,30
CHINA - YANTIAN,B-Jeans,2017,1,13,2017,1,13,47.48,CHINA - YANTIAN,-11,-37,15,55,-11,-37,91,65,13.76,4,26
CHINA - YANTIAN,B-Jeans,2017,1,13,2017,1,13,46.98,CHINA - YANTIAN,-11,-37,15,55,-11,-37,91,65,13.76,4,29
CHINA - YANTIAN,B-Jeans,2017,1,16,2017,1,16,26.282,CHINA - YANTIAN,-14,-44,12,48,-14,-44,88,58,46.98,3,30
CHINA - YANTIAN,B-Jeans,2017,1,16,2017,1,16,26.282,CHINA - YANTIAN,-14,-44,12,48,-14,-44,88,58,47.48,3,30
CHINA - YANTIAN,B-Jeans,2017,1,19,2017,1,19,64.186,CHINA - YANTIAN,-17,-42,9,50,-17,-42,85,60,26.282,3,25
CHINA - YANTIAN,B-Jeans,2017,1,23,2017,1,23,26.3,CHINA - YANTIAN,-21,-54,5,38,-21,-54,81,48,64.186,4,33
CHINA - YANTIAN,B-Jeans,2017,1,29,2017,1,29,82.848,CHINA - YANTIAN,0,-42,1,23,-27,-69,75,33,26.3,6,42
CHINA - YANTIAN,B-Jeans,2017,1,30,2017,1,30,18.57,CHINA - YANTIAN,0,-31,1,33,-28,-59,74,43,82.848,1,31
CHINA - YANTIAN,B-Jeans,2017,2,27,2017,2,27,27.128,CHINA - YANTIAN,-27,-56,36,7,-56,-85,46,17,18.57,28,29
CHINA - YANTIAN,B-Jeans,2017,3,6,2017,3,6,17.46,CHINA - YANTIAN,-34,-58,29,5,-63,-87,39,15,27.128,7,24
CHINA - YANTIAN,B-Jeans,2017,3,14,2017,3,14,15.8,CHINA - YANTIAN,-42,-69,21,4,-71,-98,31,4,17.46,8,27
CHINA - YANTIAN,B-Jeans,2017,3,20,2017,3,20,9.94,CHINA - YANTIAN,-48,-72,15,1,-77,-101,25,1,15.8,6,24
CHINA - YANTIAN,B-Jeans,2016,4,1,2016,4,1,20.83,CHINA - YANTIAN,-4,-27,3,7,-4,-27,31,8,27.054,7,23
CHINA - YANTIAN,B-Jeans,2016,4,5,2016,4,5,37.46,CHINA - YANTIAN,-1,-23,26,4,-8,-30,27,5,20.83,4,22
CHINA - YANTIAN,B-Jeans,2016,4,12,2016,4,12,14.54,CHINA - YANTIAN,-8,-30,19,10,-15,-2,20,26,37.46,7,22
CHINA - YANTIAN,B-Jeans,2016,4,14,2016,4,14,23.77,CHINA - YANTIAN,-10,-34,17,6,-17,-6,18,22,14.54,2,24
CHINA - YANTIAN,B-Jeans,2016,4,18,2016,4,18,26.99,CHINA - YANTIAN,-14,-39,13,1,-21,-11,14,17,23.77,4,25
CHINA - YANTIAN,B-Jeans,2016,4,26,2016,4,26,43.34,CHINA - YANTIAN,-22,-45,5,21,-29,-17,6,11,26.99,8,23
CHINA - YANTIAN,B-Jeans,2016,5,1,2016,5,1,13.57,CHINA - YANTIAN,0,-24,1,15,-34,-23,1,5,43.34,5,24
CHINA - YANTIAN,B-Jeans,2016,5,8,2016,5,8,65.56,CHINA - YANTIAN,-6,-30,6,8,-6,-2,22,89,13.57,7,24
CHINA - YANTIAN,B-Jeans,2016,5,13,2016,5,13,12,CHINA - YANTIAN,-11,-35,1,3,-11,-7,17,84,65.56,5,24
CHINA - YANTIAN,B-Jeans,2016,5,19,2016,5,19,34.53,CHINA - YANTIAN,-5,-29,21,19,-17,-13,11,78,12,6,24
CHINA - YANTIAN,B-Jeans,2016,5,26,2016,5,26,1.54,CHINA - YANTIAN,-12,-36,14,12,-24,-20,4,71,34.53,7,24
CHINA - YANTIAN,B-Jeans,2016,5,29,2016,5,29,53.86,CHINA - YANTIAN,-15,-40,11,8,-27,-24,1,67,1.54,3,25
CHINA - YANTIAN,B-Jeans,2016,6,3,2016,6,3,47.01,CHINA - YANTIAN,-20,-45,6,3,-4,-29,87,62,53.86,5,25
CHINA - YANTIAN,B-Jeans,2016,6,6,2016,6,6,133.26,CHINA - YANTIAN,-23,-48,3,77,-7,-32,84,59,47.01,3,25
CHINA - YANTIAN,B-Jeans,2016,6,16,2016,6,16,53.16,CHINA - YANTIAN,-7,-31,15,68,-17,-41,74,50,133.26,10,24
CHINA - YANTIAN,B-Jeans,2016,6,20,2016,6,20,65.66,CHINA - YANTIAN,-11,-35,11,64,-21,-45,70,46,53.16,4,24
CHINA - YANTIAN,B-Jeans,2016,6,30,2016,6,30,38.46,CHINA - YANTIAN,-21,-47,1,52,-31,-57,60,34,65.66,10,26
CHINA - YANTIAN,B-Jeans,2016,7,2,2016,7,2,68.982,CHINA - YANTIAN,-1,-25,76,52,-33,-57,58,34,38.46,2,24
CHINA - YANTIAN,B-Jeans,2016,7,4,2016,7,4,57.264,CHINA - YANTIAN,-3,-27,74,50,-35,-59,56,32,68.982,2,24
CHINA - YANTIAN,B-Jeans,2016,7,9,2016,7,9,26.11,CHINA - YANTIAN,-8,-32,69,45,-40,-64,51,27,57.264,5,24
CHINA - YANTIAN,B-Jeans,2016,7,14,2016,7,14,24.16,CHINA - YANTIAN,-13,-37,64,40,-45,-69,46,22,26.11,5,24
CHINA - YANTIAN,B-Jeans,2016,7,14,2016,7,14,54.33,CHINA - YANTIAN,-13,-37,64,40,-45,-69,46,22,26.11,5,27
CHINA - YANTIAN,B-Jeans,2016,7,18,2016,7,18,121.87,CHINA - YANTIAN,-17,-40,60,37,-49,-72,42,19,54.33,4,23
CHINA - YANTIAN,B-Jeans,2016,7,18,2016,7,18,121.87,CHINA - YANTIAN,-17,-40,60,37,-49,-72,42,19,24.16,4,23
CHINA - YANTIAN,B-Jeans,2016,7,21,2016,7,21,54.34,CHINA - YANTIAN,-20,-44,57,33,-52,-76,39,15,121.87,3,24
CHINA - YANTIAN,B-Jeans,2016,7,22,2016,7,22,37.134,CHINA - YANTIAN,-21,-44,56,33,-53,-76,38,15,54.34,1,23
CHINA - YANTIAN,B-Jeans,2016,7,24,2016,7,24,44.33,CHINA - YANTIAN,-23,-47,54,30,-55,-79,36,12,37.134,2,24
CHINA - YANTIAN,B-Jeans,2016,7,28,2016,7,28,70.538,CHINA - YANTIAN,-27,-50,50,27,-59,-82,32,9,44.33,4,23
CHINA - YANTIAN,B-Jeans,2016,7,29,2016,7,29,2.48,CHINA - YANTIAN,-28,-52,49,25,-60,-84,31,7,70.538,1,24
CHINA - YANTIAN,B-Jeans,2016,8,2,2016,8,2,78.558,CHINA - YANTIAN,-32,-55,45,22,-64,-87,27,4,2.48,4,23
CHINA - YANTIAN,B-Jeans,2016,8,7,2016,8,7,42.81,CHINA - YANTIAN,-37,-61,40,16,-69,-2,22,116,78.558,5,24
CHINA - YANTIAN,B-Jeans,2016,8,11,2016,8,11,37.74,CHINA - YANTIAN,-41,-65,36,12,-73,-6,18,112,42.81,4,24
CHINA - YANTIAN,B-Jeans,2016,8,21,2016,8,21,41.718,CHINA - YANTIAN,-51,-75,26,2,-83,-16,8,102,37.74,10,24
CHINA - YANTIAN,B-Jeans,2016,8,25,2016,8,25,39.97,CHINA - YANTIAN,-55,-79,22,13,-87,-20,4,98,41.718,4,24
CHINA - YANTIAN,B-Jeans,2016,9,2,2016,9,2,25.29,CHINA - YANTIAN,-63,-86,14,6,-4,-27,114,91,39.97,8,23
CHINA - YANTIAN,B-Jeans,2016,9,9,2016,9,9,88.76,CHINA - YANTIAN,-70,-93,7,7,-11,-34,107,84,25.29,7,23
CHINA - YANTIAN,B-Jeans,2016,9,12,2016,9,12,21.36,CHINA - YANTIAN,-73,-98,4,2,-14,-39,104,79,88.76,3,25
CHINA - YANTIAN,B-Jeans,2016,9,23,2016,9,23,31.39,CHINA - YANTIAN,-7,-31,8,69,-25,-49,93,69,21.36,11,24
CHINA - YANTIAN,B-Jeans,2016,9,23,2016,9,23,19.47,CHINA - YANTIAN,-7,-31,8,69,-25,-49,93,69,21.36,11,23
CHINA - YANTIAN,B-Jeans,2016,9,27,2016,9,27,112.968,CHINA - YANTIAN,-11,-36,4,64,-29,-54,89,64,19.47,4,25
CHINA - YANTIAN,B-Jeans,2016,9,27,2016,9,27,112.968,CHINA - YANTIAN,-11,-36,4,64,-29,-54,89,64,31.39,4,25
CHINA - YANTIAN,B-Jeans,2016,10,2,2016,10,2,63.14,CHINA - YANTIAN,-1,-26,7,59,-34,-59,84,59,112.968,5,25
CHINA - YANTIAN,B-Jeans,2016,10,23,2016,10,23,8.57,CHINA - YANTIAN,-13,-37,63,39,-55,-79,63,39,63.14,21,24
CHINA - YANTIAN,B-Jeans,2016,10,25,2016,10,25,17.66,CHINA - YANTIAN,-15,-42,61,34,-57,-84,61,34,8.57,2,27
CHINA - YANTIAN,B-Jeans,2016,11,1,2016,11,1,11.98,CHINA - YANTIAN,-22,-44,54,32,-64,-86,54,32,17.66,7,22
CHINA - YANTIAN,B-Jeans,2016,11,4,2016,11,4,28.404,CHINA - YANTIAN,-25,-48,51,28,-67,-90,51,28,11.98,3,23
CHINA - YANTIAN,B-Jeans,2016,11,9,2016,11,9,45.83,CHINA - YANTIAN,-30,-52,46,24,-72,-94,46,24,28.404,5,22
CHINA - YANTIAN,B-Jeans,2016,11,13,2016,11,13,19.87,CHINA - YANTIAN,-34,-58,42,18,-76,-100,42,18,45.83,4,24
CHINA - YANTIAN,B-Jeans,2016,11,21,2016,11,21,18.73,CHINA - YANTIAN,-42,-69,34,7,-84,-111,34,7,19.87,8,27
CHINA - YANTIAN,B-Jeans,2016,12,2,2016,12,2,107.124,CHINA - YANTIAN,-53,-76,23,1,-95,0,23,1,18.73,11,23
CHINA - YANTIAN,B-Jeans,2016,12,5,2016,12,5,11.09,CHINA - YANTIAN,-56,-79,20,4,-98,-1,20,4,107.124,3,23
CHINA - YANTIAN,B-Jeans,2016,12,5,2016,12,5,9.99,CHINA - YANTIAN,-56,-79,20,4,-98,-1,20,4,107.124,3,24
CHINA - YANTIAN,B-Jeans,2016,12,9,2017,12,9,28.188,CHINA - YANTIAN,-60,-83,16,1,-102,0,16,1,9.99,4,23
CHINA - YANTIAN,B-Jeans,2016,12,9,2017,12,9,28.188,CHINA - YANTIAN,-60,-83,16,1,-102,0,16,1,11.09,4,23
CHINA - YANTIAN,B-Jeans,2016,12,12,2017,12,12,27.9,CHINA - YANTIAN,-63,-87,13,23,-105,-3,13,99,28.188,3,24
CHINA - YANTIAN,B-Jeans,2016,12,16,2017,12,16,16.33,CHINA - YANTIAN,-67,-90,9,20,-109,-6,9,96,27.9,4,23
CHINA - YANTIAN,B-Jeans,2016,12,19,2017,12,19,40.79,CHINA - YANTIAN,-70,-96,6,14,-112,-12,6,90,16.33,3,26
CHINA - YANTIAN,B-Jeans,2016,12,20,2017,12,20,19.07,CHINA - YANTIAN,-71,-96,5,14,-113,-12,5,90,40.79,1,25
CHINA - YANTIAN,B-Jeans,2016,12,23,2017,12,23,21.86,CHINA - YANTIAN,-74,-97,2,13,-116,-13,2,89,19.07,3,23
CHINA - YANTIAN,B-Jeans,2016,12,25,2017,12,25,12.59,CHINA - YANTIAN,0,-25,1,9,0,-17,1,85,21.86,2,25
CHINA - YANTIAN,B-Jeans,2016,12,26,2017,12,26,7.67,CHINA - YANTIAN,0,-24,1,9,0,-17,1,85,12.59,1,24
CHINA - YANTIAN,B-Jeans,2016,12,30,2017,12,30,18.198,CHINA - YANTIAN,-3,-26,2,6,-3,-20,2,82,7.67,4,23
CHINA - YANTIAN,C-Trousers,2017,1,2,2017,1,2,4.35,CHINA - YANTIAN,0,-30,26,62,0,-30,102,72,9.1,21,30
CHINA - YANTIAN,C-Trousers,2017,1,16,2017,1,16,1.42,CHINA - YANTIAN,-14,-44,12,48,-14,-44,88,58,4.35,14,30
CHINA - YANTIAN,C-Trousers,2017,1,29,2017,1,29,2.418,CHINA - YANTIAN,0,-42,1,23,-27,-69,75,33,1.42,13,42
CHINA - YANTIAN,C-Trousers,2016,4,12,2016,4,12,5.15,CHINA - YANTIAN,-8,-30,19,10,-15,-2,20,26,2.12,7,22
CHINA - YANTIAN,C-Trousers,2016,5,19,2016,5,19,42.64,CHINA - YANTIAN,-5,-29,21,19,-17,-13,11,78,5.15,37,24
CHINA - YANTIAN,C-Trousers,2016,6,3,2016,6,3,6.85,CHINA - YANTIAN,-20,-45,6,3,-4,-29,87,62,42.64,15,25
CHINA - YANTIAN,C-Trousers,2016,8,7,2016,8,7,13.42,CHINA - YANTIAN,-37,-61,40,16,-69,-2,22,116,6.85,65,24
CHINA - YANTIAN,C-Trousers,2016,8,25,2016,8,25,18.75,CHINA - YANTIAN,-55,-79,22,13,-87,-20,4,98,13.42,18,24
CHINA - YANTIAN,C-Trousers,2016,9,23,2016,9,23,10.79,CHINA - YANTIAN,-7,-31,8,69,-25,-49,93,69,18.75,29,24
CHINA - YANTIAN,C-Trousers,2016,11,21,2016,11,21,2.36,CHINA - YANTIAN,-42,-69,34,7,-84,-111,34,7,10.79,59,27
CHINA - YANTIAN,C-Trousers,2016,12,2,2016,12,2,11.53,CHINA - YANTIAN,-53,-76,23,1,-95,0,23,1,2.36,11,23
CHINA - YANTIAN,C-Trousers,2016,12,5,2016,12,5,55,CHINA - YANTIAN,-56,-80,20,3,-98,-2,20,3,11.53,3,24
CHINA - YANTIAN,C-Trousers,2016,12,12,2017,12,12,9.1,CHINA - YANTIAN,-63,-87,13,23,-105,-3,13,99,55,7,24
CHINA - YANTIAN,D-Jackets,2017,1,2,2017,1,2,19.83,CHINA - YANTIAN,0,-30,26,62,0,-30,102,72,30.18,21,30
CHINA - YANTIAN,D-Jackets,2017,1,13,2017,1,13,12.36,CHINA - YANTIAN,-11,-37,15,55,-11,-37,91,65,19.83,11,26
CHINA - YANTIAN,D-Jackets,2017,3,6,2017,3,6,35.6,CHINA - YANTIAN,-34,-58,29,5,-63,-87,39,15,12.36,52,24
CHINA - YANTIAN,D-Jackets,2016,12,12,2017,12,12,30.18,CHINA - YANTIAN,-63,-87,13,23,-105,-3,13,99,3.43,101,24
CHINA - YANTIAN,I-Knitwear,2017,1,2,2017,1,2,4.53,CHINA - YANTIAN,0,-30,26,62,0,-30,102,72,8.26,7,30
CHINA - YANTIAN,I-Knitwear,2017,1,9,2017,1,9,13.35,CHINA - YANTIAN,-7,-37,19,55,-7,-37,95,65,4.53,7,30
CHINA - YANTIAN,I-Knitwear,2017,1,16,2017,1,16,9.82,CHINA - YANTIAN,-14,-44,12,48,-14,-44,88,58,13.35,7,30
CHINA - YANTIAN,I-Knitwear,2017,1,23,2017,1,23,85.38,CHINA - YANTIAN,-21,-54,5,38,-21,-54,81,48,9.82,7,33
CHINA - YANTIAN,I-Knitwear,2017,1,29,2017,1,29,44,CHINA - YANTIAN,0,-42,1,23,-27,-69,75,33,85.38,6,42
CHINA - YANTIAN,I-Knitwear,2017,1,30,2017,1,30,24.94,CHINA - YANTIAN,0,-31,1,33,-28,-59,74,43,44,1,31
CHINA - YANTIAN,I-Knitwear,2017,3,14,2017,3,14,1.2,CHINA - YANTIAN,-42,-69,21,4,-71,-98,31,4,24.94,43,27
CHINA - YANTIAN,I-Knitwear,2016,4,26,2016,4,26,39.61,CHINA - YANTIAN,-22,-45,5,21,-29,-17,6,11,20.61,27,23
CHINA - YANTIAN,I-Knitwear,2016,5,8,2016,5,8,23.93,CHINA - YANTIAN,-6,-30,6,8,-6,-2,22,89,39.61,12,24
CHINA - YANTIAN,I-Knitwear,2016,5,19,2016,5,19,16.76,CHINA - YANTIAN,-5,-29,21,19,-17,-13,11,78,23.93,11,24
CHINA - YANTIAN,I-Knitwear,2016,5,26,2016,5,26,16.4,CHINA - YANTIAN,-12,-36,14,12,-24,-20,4,71,16.76,7,24
CHINA - YANTIAN,I-Knitwear,2016,6,6,2016,6,6,19.24,CHINA - YANTIAN,-23,-48,3,77,-7,-32,84,59,16.4,11,25
CHINA - YANTIAN,I-Knitwear,2016,6,13,2016,6,13,34.06,CHINA - YANTIAN,-4,-28,18,71,-14,-38,77,53,19.24,7,24
CHINA - YANTIAN,I-Knitwear,2016,6,20,2016,6,20,22.47,CHINA - YANTIAN,-11,-35,11,64,-21,-45,70,46,34.06,7,24
CHINA - YANTIAN,I-Knitwear,2016,6,30,2016,6,30,121.95,CHINA - YANTIAN,-21,-45,1,54,-31,-55,60,36,22.47,10,24
CHINA - YANTIAN,I-Knitwear,2016,6,30,2016,6,30,192.21,CHINA - YANTIAN,-21,-45,1,54,-31,-55,60,36,22.47,10,26
CHINA - YANTIAN,I-Knitwear,2016,7,4,2016,7,4,51.52,CHINA - YANTIAN,-3,-27,74,50,-35,-59,56,32,192.21,4,24
CHINA - YANTIAN,I-Knitwear,2016,7,4,2016,7,4,51.52,CHINA - YANTIAN,-3,-27,74,50,-35,-59,56,32,121.95,4,24
CHINA - YANTIAN,I-Knitwear,2016,7,7,2016,7,7,65.08,CHINA - YANTIAN,-6,-32,71,45,-38,-64,53,27,51.52,3,26
CHINA - YANTIAN,I-Knitwear,2016,7,9,2016,7,9,64.1,CHINA - YANTIAN,-8,-32,69,45,-40,-64,51,27,65.08,2,24
CHINA - YANTIAN,I-Knitwear,2016,7,11,2016,7,11,65.15,CHINA - YANTIAN,-10,-32,67,45,-42,-64,49,27,64.1,2,22
CHINA - YANTIAN,I-Knitwear,2016,7,14,2016,7,14,202.6,CHINA - YANTIAN,-13,-40,64,37,-45,-72,46,19,65.15,3,27
CHINA - YANTIAN,I-Knitwear,2016,7,14,2016,7,14,53.67,CHINA - YANTIAN,-13,-40,64,37,-45,-72,46,19,65.15,3,24
CHINA - YANTIAN,I-Knitwear,2016,7,18,2016,7,18,244.86,CHINA - YANTIAN,-17,-40,60,37,-49,-72,42,19,53.67,4,23
CHINA - YANTIAN,I-Knitwear,2016,7,18,2016,7,18,244.86,CHINA - YANTIAN,-17,-40,60,37,-49,-72,42,19,202.6,4,23
CHINA - YANTIAN,I-Knitwear,2016,7,22,2016,7,22,101.98,CHINA - YANTIAN,-21,-44,56,33,-53,-76,38,15,244.86,4,23
CHINA - YANTIAN,I-Knitwear,2016,7,29,2016,7,29,123.05,CHINA - YANTIAN,-28,-52,49,25,-60,-84,31,7,101.98,7,24
CHINA - YANTIAN,I-Knitwear,2016,8,2,2016,8,2,79.09,CHINA - YANTIAN,-32,-55,45,22,-64,-87,27,4,123.05,4,23
CHINA - YANTIAN,I-Knitwear,2016,8,7,2016,8,7,9.87,CHINA - YANTIAN,-37,-61,40,16,-69,-2,22,116,79.09,5,24
CHINA - YANTIAN,I-Knitwear,2016,8,11,2016,8,11,12.06,CHINA - YANTIAN,-41,-65,36,12,-73,-6,18,112,9.87,4,24
CHINA - YANTIAN,I-Knitwear,2016,8,21,2016,8,21,156.98,CHINA - YANTIAN,-51,-75,26,2,-83,-16,8,102,12.06,10,24
CHINA - YANTIAN,I-Knitwear,2016,8,25,2016,8,25,12.85,CHINA - YANTIAN,-55,-79,22,13,-87,-20,4,98,156.98,4,24
CHINA - YANTIAN,I-Knitwear,2016,8,31,2016,8,31,80.95,CHINA - YANTIAN,-61,-82,16,10,-2,-23,116,95,12.85,6,21
CHINA - YANTIAN,I-Knitwear,2016,9,2,2016,9,2,152.27,CHINA - YANTIAN,-63,-86,14,6,-4,-27,114,91,80.95,2,23
CHINA - YANTIAN,I-Knitwear,2016,9,5,2016,9,5,21.4,CHINA - YANTIAN,-66,-89,11,3,-7,-30,111,88,152.27,3,23
CHINA - YANTIAN,I-Knitwear,2016,9,9,2016,9,9,39.58,CHINA - YANTIAN,-70,-93,7,7,-11,-34,107,84,21.4,4,23
CHINA - YANTIAN,I-Knitwear,2016,9,12,2016,9,12,220.24,CHINA - YANTIAN,-73,-98,4,2,-14,-39,104,79,39.58,3,25
CHINA - YANTIAN,I-Knitwear,2016,9,15,2016,9,15,68.09,CHINA - YANTIAN,-76,-100,1,1,-17,-41,101,77,220.24,3,24
CHINA - YANTIAN,I-Knitwear,2016,9,16,2016,9,16,90.62,CHINA - YANTIAN,0,-23,15,1,-18,-41,100,77,68.09,1,23
CHINA - YANTIAN,I-Knitwear,2016,9,18,2016,9,18,94.61,CHINA - YANTIAN,-2,-26,13,74,-20,-44,98,74,90.62,2,24
CHINA - YANTIAN,I-Knitwear,2016,9,23,2016,9,23,68.16,CHINA - YANTIAN,-7,-30,8,70,-25,-48,93,70,94.61,5,23
CHINA - YANTIAN,I-Knitwear,2016,10,2,2016,10,2,29.74,CHINA - YANTIAN,-1,-26,7,59,-34,-59,84,59,68.16,9,25
CHINA - YANTIAN,I-Knitwear,2016,10,23,2016,10,23,16.69,CHINA - YANTIAN,-13,-37,63,39,-55,-79,63,39,29.74,21,24
CHINA - YANTIAN,I-Knitwear,2016,11,9,2016,11,9,32.45,CHINA - YANTIAN,-30,-52,46,24,-72,-94,46,24,16.69,17,22
CHINA - YANTIAN,I-Knitwear,2016,11,21,2016,11,21,12.11,CHINA - YANTIAN,-42,-69,34,7,-84,-111,34,7,32.45,12,27
CHINA - YANTIAN,I-Knitwear,2016,11,27,2016,11,27,11.76,CHINA - YANTIAN,-48,-73,28,3,-90,-115,28,3,12.11,6,25
CHINA - YANTIAN,I-Knitwear,2016,12,5,2016,12,5,25.75,CHINA - YANTIAN,-56,-79,20,4,-98,-1,20,4,11.76,8,23
CHINA - YANTIAN,I-Knitwear,2016,12,12,2017,12,12,75.8,CHINA - YANTIAN,-63,-87,13,23,-105,-3,13,99,25.75,7,24
CHINA - YANTIAN,I-Knitwear,2016,12,16,2017,12,16,5.92,CHINA - YANTIAN,-67,-90,9,20,-109,-6,9,96,75.8,4,23
CHINA - YANTIAN,I-Knitwear,2016,12,20,2017,12,20,5.49,CHINA - YANTIAN,-71,-96,5,14,-113,-12,5,90,5.92,4,25
CHINA - YANTIAN,I-Knitwear,2016,12,26,2017,12,26,8.26,CHINA - YANTIAN,0,-24,1,9,0,-17,1,85,5.49,6,24
CHINA - YANTIAN,M-Tops,2017,1,2,2017,1,2,3.95,CHINA - YANTIAN,0,-30,26,62,0,-30,102,72,18.04,8,30
CHINA - YANTIAN,M-Tops,2017,1,9,2017,1,9,2.04,CHINA - YANTIAN,-7,-37,19,55,-7,-37,95,65,3.95,7,30
CHINA - YANTIAN,M-Tops,2017,1,29,2017,1,29,10.386,CHINA - YANTIAN,0,-42,1,23,-27,-69,75,33,2.04,20,42
CHINA - YANTIAN,M-Tops,2017,1,30,2017,1,30,1.58,CHINA - YANTIAN,0,-31,1,33,-28,-59,74,43,10.386,1,31
CHINA - YANTIAN,M-Tops,2017,3,6,2017,3,6,13.26,CHINA - YANTIAN,-34,-58,29,5,-63,-87,39,15,1.58,35,24
CHINA - YANTIAN,M-Tops,2016,6,20,2016,6,20,3.04,CHINA - YANTIAN,-11,-35,11,64,-21,-45,70,46,0.13,22,24
CHINA - YANTIAN,M-Tops,2016,8,2,2016,8,2,0.38,CHINA - YANTIAN,-32,-55,45,22,-64,-87,27,4,3.04,43,23
CHINA - YANTIAN,M-Tops,2016,8,11,2016,8,11,1.84,CHINA - YANTIAN,-41,-65,36,12,-73,-6,18,112,0.38,9,24
CHINA - YANTIAN,M-Tops,2016,8,25,2016,8,25,2.44,CHINA - YANTIAN,-55,-79,22,13,-87,-20,4,98,1.84,14,24
CHINA - YANTIAN,M-Tops,2016,8,31,2016,8,31,1.64,CHINA - YANTIAN,-61,-82,16,10,-2,-23,116,95,2.44,6,21
CHINA - YANTIAN,M-Tops,2016,9,2,2016,9,2,1.3,CHINA - YANTIAN,-63,-86,14,6,-4,-27,114,91,1.64,2,23
CHINA - YANTIAN,M-Tops,2016,9,9,2016,9,9,2.27,CHINA - YANTIAN,-70,-93,7,7,-11,-34,107,84,1.3,7,23
CHINA - YANTIAN,M-Tops,2016,9,16,2016,9,16,0.07,CHINA - YANTIAN,0,-23,15,1,-18,-41,100,77,2.27,7,23
CHINA - YANTIAN,M-Tops,2016,9,18,2016,9,18,1.96,CHINA - YANTIAN,-2,-26,13,74,-20,-44,98,74,0.07,2,24
CHINA - YANTIAN,M-Tops,2016,11,21,2016,11,21,22.02,CHINA - YANTIAN,-42,-69,34,7,-84,-111,34,7,1.96,64,27
CHINA - YANTIAN,M-Tops,2016,12,25,2017,12,25,18.04,CHINA - YANTIAN,0,-25,1,9,0,-17,1,85,22.02,34,25
CHINA - YANTIAN,S-Shorts,2017,1,2,2017,1,2,15.53,CHINA - YANTIAN,0,-30,26,62,0,-30,102,72,31.81,8,30
CHINA - YANTIAN,S-Shorts,2017,1,23,2017,1,23,35.21,CHINA - YANTIAN,-21,-54,5,38,-21,-54,81,48,15.53,21,33
CHINA - YANTIAN,S-Shorts,2017,2,27,2017,2,27,8.37,CHINA - YANTIAN,-27,-56,36,7,-56,-85,46,17,35.21,35,29
CHINA - YANTIAN,S-Shorts,2017,3,6,2017,3,6,26.38,CHINA - YANTIAN,-34,-58,29,5,-63,-87,39,15,8.37,7,24
CHINA - YANTIAN,S-Shorts,2016,5,1,2016,5,1,26.44,CHINA - YANTIAN,0,-24,1,15,-34,-23,1,5,4.62,17,24
CHINA - YANTIAN,S-Shorts,2016,12,19,2017,12,19,14.77,CHINA - YANTIAN,-70,-96,6,14,-112,-12,6,90,26.44,232,26
CHINA - YANTIAN,S-Shorts,2016,12,25,2017,12,25,31.81,CHINA - YANTIAN,0,-25,1,9,0,-17,1,85,14.77,6,25
CHINA - YANTIAN,Y-Skirts,2017,1,2,2017,1,2,24.4,CHINA - YANTIAN,0,-30,26,62,0,-30,102,72,6.534,3,30
CHINA - YANTIAN,Y-Skirts,2017,1,16,2017,1,16,2.01,CHINA - YANTIAN,-14,-44,12,48,-14,-44,88,58,24.4,14,30
CHINA - YANTIAN,Y-Skirts,2017,1,29,2017,1,29,43.004,CHINA - YANTIAN,0,-42,1,23,-27,-69,75,33,2.01,13,42
CHINA - YANTIAN,Y-Skirts,2017,1,30,2017,1,30,2.83,CHINA - YANTIAN,0,-31,1,33,-28,-59,74,43,43.004,1,31
CHINA - YANTIAN,Y-Skirts,2016,4,5,2016,4,5,10.26,CHINA - YANTIAN,-1,-23,26,4,-8,-30,27,5,25.16,4,22
CHINA - YANTIAN,Y-Skirts,2016,4,12,2016,4,12,0.63,CHINA - YANTIAN,-8,-30,19,10,-15,-2,20,26,10.26,7,22
CHINA - YANTIAN,Y-Skirts,2016,4,26,2016,4,26,7.46,CHINA - YANTIAN,-22,-45,5,21,-29,-17,6,11,0.63,14,23
CHINA - YANTIAN,Y-Skirts,2016,5,1,2016,5,1,47.24,CHINA - YANTIAN,0,-24,1,15,-34,-23,1,5,7.46,5,24
CHINA - YANTIAN,Y-Skirts,2016,5,19,2016,5,19,8.38,CHINA - YANTIAN,-5,-29,21,19,-17,-13,11,78,47.24,18,24
CHINA - YANTIAN,Y-Skirts,2016,5,29,2016,5,29,8.54,CHINA - YANTIAN,-15,-40,11,8,-27,-24,1,67,8.38,10,25
CHINA - YANTIAN,Y-Skirts,2016,6,3,2016,6,3,9.68,CHINA - YANTIAN,-20,-45,6,3,-4,-29,87,62,8.54,5,25
CHINA - YANTIAN,Y-Skirts,2016,6,13,2016,6,13,3.08,CHINA - YANTIAN,-4,-28,18,71,-14,-38,77,53,9.68,10,24
CHINA - YANTIAN,Y-Skirts,2016,6,16,2016,6,16,12.79,CHINA - YANTIAN,-7,-31,15,68,-17,-41,74,50,3.08,3,24
CHINA - YANTIAN,Y-Skirts,2016,6,20,2016,6,20,10.02,CHINA - YANTIAN,-11,-35,11,64,-21,-45,70,46,12.79,4,24
CHINA - YANTIAN,Y-Skirts,2016,7,14,2016,7,14,5.2,CHINA - YANTIAN,-13,-40,64,37,-45,-72,46,19,10.02,24,27
CHINA - YANTIAN,Y-Skirts,2016,7,18,2016,7,18,0.08,CHINA - YANTIAN,-17,-40,60,37,-49,-72,42,19,5.2,4,23
CHINA - YANTIAN,Y-Skirts,2016,8,2,2016,8,2,2.92,CHINA - YANTIAN,-32,-55,45,22,-64,-87,27,4,0.08,15,23
CHINA - YANTIAN,Y-Skirts,2016,8,7,2016,8,7,12.5,CHINA - YANTIAN,-37,-61,40,16,-69,-2,22,116,2.92,5,24
CHINA - YANTIAN,Y-Skirts,2016,8,31,2016,8,31,1.88,CHINA - YANTIAN,-61,-82,16,10,-2,-23,116,95,12.5,24,21
CHINA - YANTIAN,Y-Skirts,2016,9,2,2016,9,2,9.07,CHINA - YANTIAN,-63,-86,14,6,-4,-27,114,91,1.88,2,23
CHINA - YANTIAN,Y-Skirts,2016,9,12,2016,9,12,8.05,CHINA - YANTIAN,-73,-98,4,2,-14,-39,104,79,9.07,10,25
CHINA - YANTIAN,Y-Skirts,2016,9,16,2016,9,16,2.21,CHINA - YANTIAN,0,-23,15,1,-18,-41,100,77,8.05,4,23
CHINA - YANTIAN,Y-Skirts,2016,9,23,2016,9,23,3.26,CHINA - YANTIAN,-7,-31,8,69,-25,-49,93,69,2.21,7,24
CHINA - YANTIAN,Y-Skirts,2016,11,1,2016,11,1,12.84,CHINA - YANTIAN,-22,-44,54,32,-64,-86,54,32,3.26,39,22
CHINA - YANTIAN,Y-Skirts,2016,11,13,2016,11,13,1.97,CHINA - YANTIAN,-34,-58,42,18,-76,-100,42,18,12.84,12,24
CHINA - YANTIAN,Y-Skirts,2016,11,27,2016,11,27,8.04,CHINA - YANTIAN,-48,-73,28,3,-90,-115,28,3,1.97,14,25
CHINA - YANTIAN,Y-Skirts,2016,12,5,2016,12,5,12.33,CHINA - YANTIAN,-56,-79,20,4,-98,-1,20,4,8.04,8,23
CHINA - YANTIAN,Y-Skirts,2016,12,12,2017,12,12,3.43,CHINA - YANTIAN,-63,-87,13,23,-105,-3,13,99,12.33,7,24
CHINA - YANTIAN,Y-Skirts,2016,12,19,2017,12,19,8.71,CHINA - YANTIAN,-70,-96,6,14,-112,-12,6,90,3.43,7,26
CHINA - YANTIAN,Y-Skirts,2016,12,30,2017,12,30,6.534,CHINA - YANTIAN,-3,-26,2,6,-3,-20,2,82,8.71,11,23
MYANMAR - YANGON,D-Jackets,2016,8,18,2016,8,18,0,MYANMAR - YANGON,-48,-105,29,72,-80,-46,11,72,12.4,33,57
PAKISTAN - KARACHI,C-Trousers,2017,2,5,2017,2,5,0,PAKISTAN - KARACHI,-5,-34,58,29,-34,-63,68,39,0,245,29
VIETNAM - HAI PHONG,A-Accessories,2017,1,22,2017,1,22,0,VIETNAM - HAI PHONG,-20,-54,6,38,-20,-54,82,48,50,35,34
VIETNAM - HAI PHONG,A-Accessories,2016,10,9,2016,10,9,40,VIETNAM - HAI PHONG,0,-35,1,42,-41,-76,77,42,25,73,35
VIETNAM - HAI PHONG,A-Accessories,2016,11,20,2016,11,20,0,VIETNAM - HAI PHONG,-41,-72,35,4,-83,-114,35,4,40,42,31
VIETNAM - HAI PHONG,A-Accessories,2016,12,18,2017,12,18,50,VIETNAM - HAI PHONG,-69,-96,7,14,-111,-12,7,90,0,28,27
VIETNAM - HO CHI MINH,A-Accessories,2016,8,15,2016,8,15,0,VIETNAM - HO CHI MINH,-45,-71,32,6,-77,-12,14,106,0,21,26
VIETNAM - HO CHI MINH,A-Accessories,2016,8,17,2016,8,17,0,VIETNAM - HO CHI MINH,-47,-71,30,6,-79,-12,12,106,0,2,24
VIETNAM - HO CHI MINH,D-Jackets,2016,11,7,2016,11,7,0,VIETNAM - HO CHI MINH,-28,-51,48,25,-70,-93,48,25,0,91,23
INDIA - NHAVA SHEVA,K-Shirts,2017,2,3,2017,2,3,0,INDIA - NHAVA SHEVA,-3,-28,60,35,-32,-57,70,45,1.525,71,25
INDIA - NHAVA SHEVA,K-Shirts,2017,3,17,2017,3,17,0,INDIA - NHAVA SHEVA,-45,-66,18,7,-74,-95,28,7,0,42,21
INDIA - NHAVA SHEVA,K-Shirts,2016,7,15,2016,7,15,0,INDIA - NHAVA SHEVA,-14,-33,63,44,-46,-65,45,26,0,7,19
INDIA - NHAVA SHEVA,K-Shirts,2016,9,9,2016,9,9,0,INDIA - NHAVA SHEVA,-70,-91,7,1,-11,-32,107,86,0,56,21
INDIA - NHAVA SHEVA,K-Shirts,2016,9,18,2016,9,18,0,INDIA - NHAVA SHEVA,-2,-29,13,71,-20,-47,98,71,0,9,27
INDIA - NHAVA SHEVA,K-Shirts,2016,11,11,2016,11,11,0,INDIA - NHAVA SHEVA,-32,-53,44,23,-74,-95,44,23,0,54,21
INDIA - NHAVA SHEVA,K-Shirts,2016,11,24,2016,11,24,1.525,INDIA - NHAVA SHEVA,-45,-67,31,9,-87,-109,31,9,0,13,22
INDIA - NHAVA SHEVA,M-Tops,2016,6,17,2016,6,17,0,INDIA - NHAVA SHEVA,-8,-29,14,70,-18,-39,73,52,21.75,63,21
INDIA - NHAVA SHEVA,M-Tops,2016,6,24,2016,6,24,0,INDIA - NHAVA SHEVA,-15,-38,7,61,-25,-48,66,43,0,7,23
INDIA - NHAVA SHEVA,M-Tops,2016,7,8,2016,7,8,0,INDIA - NHAVA SHEVA,-7,-29,70,48,-39,-61,52,30,0,14,22
INDIA - NHAVA SHEVA,M-Tops,2016,11,11,2016,11,11,0,INDIA - NHAVA SHEVA,-32,-53,44,23,-74,-95,44,23,0,126,21
INDIA - NHAVA SHEVA,Y-Skirts,2016,11,11,2016,11,11,0,INDIA - NHAVA SHEVA,-32,-53,44,23,-74,-95,44,23,0,140,21
